鄉鎮市區,土地區段位置或建物區門牌,建築完成年月,編號
北投區,臺北市北投區公館路209巷26號,1031230,RPROMLKMLHKFFEA47CA
北投區,臺北市北投區公館路209巷2號,1031230,RPOOMLNLLHKFFEA37CA
北投區,臺北市北投區尊賢街290號,1031230,RPXPMLKLMHKFFEA18CA
信義區,臺北市信義區市民大道六段310號,1031227,RPUOMLOKMHKFFDA97CA
信義區,臺北市信義區市民大道六段314號,1031227,RPUNMLLLMHKFFDA67CA
信義區,臺北市信義區市民大道六段304號,1031227,RPWNMLLLMHKFFDA87CA
信義區,臺北市信義區市民大道六段323號,1031227,RPOPMLOKMHKFFDA47CA
信義區,臺北市信義區市民大道六段327號,1031227,RPRPMLOKMHKFFDA77CA
信義區,臺北市信義區市民大道六段317號,1031227,RPUPMLOKMHKFFDA08CA
信義區,臺北市信義區市民大道六段322號,1031227,RPUQMLOKMHKFFDA18CA
信義區,臺北市信義區市民大道六段311號,1031227,RPPQMLOKMHKFFDA67CA
信義區,臺北市信義區市民大道六段301號,1031227,RPVOMLQKMHKFFDA28CA
信義區,臺北市信義區市民大道六段306號,1031227,RPOPMLQKMHKFFDA67CA
信義區,臺北市信義區市民大道六段324號,1031227,RPTPMLQKMHKFFDA18CA
信義區,臺北市信義區市民大道六段314號,1031227,RPQNMLRKMHKFFDA77CA
信義區,臺北市信義區市民大道六段319號,1031227,RPOOMLRKMHKFFDA67CA
信義區,臺北市信義區市民大道六段308號,1031227,RPQOMLRKMHKFFDA87CA
信義區,臺北市信義區市民大道六段313號,1031227,RPTOMLLLMHKFFDA67CA
信義區,臺北市信義區市民大道六段303號,1031227,RPRQMLQKMHKFFDA08CA
信義區,臺北市信義區市民大道六段321號,1031227,RPTQMLQKMHKFFDA28CA
信義區,臺北市信義區市民大道六段326號,1031227,RPPRMLQKMHKFFDA97CA
信義區,臺北市信義區市民大道六段315號,1031227,RPTOMLRKMHKFFDA18CA
信義區,臺北市信義區市民大道六段305號,1031227,RPVOMLRKMHKFFDA38CA
中山區,臺北市中山區中山北路二段130號,1031222,RPRPMLRJMHKFFCA87CA
中山區,臺北市中山區中山北路二段148號,1031222,RPWOMLRJMHKFFCA28CA
中山區,臺北市中山區中山北路二段124號,1031222,RPPPMLRJMHKFFCA67CA
中山區,臺北市中山區中山北路二段143號,1031222,RPQOMLRJMHKFFCA67CA
中山區,臺北市中山區中山北路二段132號,1031222,RPRQMLRJMHKFFCA97CA
中山區,臺北市中山區中山北路二段137號,1031222,RPWPMLRJMHKFFCA38CA
中山區,臺北市中山區中山區中山北路二段127號,1031222,RPTOMLRJMHKFFCA97CA
中山區,臺北市中山區中山北路二段145號,1031222,RPVPMLRJMHKFFCA28CA
中山區,臺北市中山區中山北路二段121號,1031222,RPTQMLRJMHKFFCA18CA
中山區,臺北市中山區樂群二路116巷50號,1031215,RPSNMLOKMHKFFCA57CA
中山區,臺北市中山區樂群二路116巷54號,1031215,RPTNMLOKMHKFFCA67CA
內湖區,臺北市內湖區新富街44號,1031212,RPWOMLTJMHKFFCA48CA
內湖區,臺北市內湖區新富街34號,1031212,RPXOMLTJMHKFFCA58CA
內湖區,臺北市內湖區新富街38號,1031212,RPOPMLTJMHKFFCA77CA
內湖區,臺北市內湖區新富街57號,1031212,RPQPMLTJMHKFFCA97CA
內湖區,臺北市內湖區新富街46號,1031212,RPRPMLTJMHKFFCA08CA
內湖區,臺北市內湖區新富街51號,1031212,RPSPMLTJMHKFFCA18CA
南港區,臺北市南港區經貿二路235巷41號,1031204,RPSPMLTJMHKFFDA28CA
南港區,臺北市南港區經貿二路235巷46號,1031204,RPTNMLRLMHKFFDA18CA
南港區,臺北市南港區經貿二路235巷35號,1031204,RPXNMLTJMHKFFDA58CA
中山區,臺北市中山區中山北路三段24號,1031203,RPUSMLTJMHKFFCA68CA
中山區,臺北市中山區中山北路三段29號,1031203,RPSSMLTJMHKFFCA48CA
文山區,臺北市文山區興隆路二段78號,1031121,RPPOMLNLMHKFFAA17CA
文山區,臺北市文山區興隆路二段68號,1031121,RPTOMLNLMHKFFAA57CA
文山區,臺北市文山區興隆路二段72號,1031121,RPUOMLNLMHKFFAA67CA
文山區,臺北市文山區興隆路二段62號,1031121,RPVOMLNLMHKFFAA77CA
文山區,臺北市文山區興隆路二段67號,1031121,RPXOMLNLMHKFFAA97CA
文山區,臺北市文山區興隆路二段85號,1031121,RPOPMLNLMHKFFAA17CA
文山區,臺北市文山區興隆路二段75號,1031121,RPPPMLNLMHKFFAA27CA
文山區,臺北市文山區興隆路二段80號,1031121,RPQPMLNLMHKFFAA37CA
文山區,臺北市文山區興隆路二段69號,1031121,RPRPMLNLMHKFFAA47CA
文山區,臺北市文山區興隆路二段88號,1031121,RPTPMLNLMHKFFAA67CA
北投區,臺北市北投區三合街一段64號,1031119,RPPOMLRKMHKFFEA87CA
北投區,臺北市北投區三合街一段82號,1031119,RPQOMLRKMHKFFEA97CA
北投區,臺北市北投區三合街一段87號,1031119,RPROMLRKMHKFFEA08CA
北投區,臺北市北投區三合街一段77號,1031119,RPSOMLRKMHKFFEA18CA
北投區,臺北市北投區三合街一段66號,1031119,RPUOMLRKMHKFFEA38CA
北投區,臺北市北投區三合街一段66號,1031119,RPVOMLRKMHKFFEA48CA
北投區,臺北市北投區三合街一段66號,1031119,RPXOMLRKMHKFFEA68CA
北投區,臺北市北投區三合街一段66號,1031119,RPPPMLRKMHKFFEA97CA
北投區,臺北市北投區三合街一段71號,1031119,RPRPMLRKMHKFFEA18CA
北投區,臺北市北投區三合街一段61號,1031119,RPSPMLRKMHKFFEA28CA
北投區,臺北市北投區三合街一段79號,1031119,RPTPMLRKMHKFFEA38CA
北投區,臺北市北投區三合街一段84號,1031119,RPUPMLRKMHKFFEA48CA
北投區,臺北市北投區三合街一段84號,1031119,RPRNMLMLMHKFFEA57CA
北投區,臺北市北投區三合街一段84號,1031119,RPSNMLMLMHKFFEA67CA
北投區,臺北市北投區三合街一段73號,1031119,RPTNMLMLMHKFFEA77CA
北投區,臺北市北投區三合街一段78號,1031119,RPVNMLMLMHKFFEA97CA
北投區,臺北市北投區三合街一段68號,1031119,RPWNMLMLMHKFFEA08CA
北投區,臺北市北投區三合街一段86號,1031119,RPXNMLMLMHKFFEA18CA
北投區,臺北市北投區三合街一段62號,1031119,RPOOMLMLMHKFFEA37CA
文山區,臺北市文山區政大一街291號,1031113,RPVNMLNLLHKFFAA57CA
文山區,臺北市文山區政大一街250號,1031113,RPOOMLNLLHKFFAA96CA
文山區,臺北市文山區政大一街255號,1031113,SPOOMLNLLHKFFAA07CA
內湖區,臺北市內湖區新富街65號,1031020,RPOOMLKLMHKFFCA96CA
內湖區,臺北市內湖區新富街69號,1031020,RPTOMLKLMHKFFCA47CA
內湖區,臺北市內湖區新富街88號,1031020,RPUOMLKLMHKFFCA57CA
內湖區,臺北市內湖區新富街78號,1031020,RPVOMLKLMHKFFCA67CA
松山區,臺北市松山區北寧路22號,1031007,RPVOMLTKLHKFFDA48CA
內湖區,臺北市內湖區民權東路六段218巷42號,1031003,RPOQMLOLLHKFFCA47CA
內湖區,臺北市內湖區民權東路六段218巷32號,1031003,RPWQMLPLLHKFFCA38CA
內湖區,臺北市內湖區民權東路六段218巷36號,1031003,RPXQMLPLLHKFFCA48CA
南港區,臺北市南港區經貿二路235巷55號,1031002,RPVNMLLMLHKFFDA77CA
南港區,臺北市南港區經貿二路235巷31號,1031002,RPWNMLKKMHKFFDA67CA
南港區,臺北市南港區經貿二路235巷49號,1031002,RPXNMLKKMHKFFDA77CA
中正區,臺北市中正區羅斯福路三段58巷9號,1031001,RPWNMLMLMHKFFAA67CA
士林區,臺北市士林區中山北路七段74號,1030811,RPPQMLRLLHKFFEA08CA
文山區,臺北市文山區興隆路二段203巷153號,1030808,RPROMLRKLHKFFAA57CA
文山區,臺北市文山區興隆路二段203巷172號,1030808,RPSOMLRKLHKFFAA67CA
文山區,臺北市文山區興隆路二段203巷176號,1030808,RPPQMLTKLHKFFAA77CA
信義區,臺北市信義區吳興街284巷16號,1030805,RPRNMLKKMHKFFDA17CA
信義區,臺北市信義區吳興街284巷21號,1030805,RPPOMLTJMHKFFDA87CA
信義區,臺北市信義區吳興街284巷10號,1030805,RPQOMLTJMHKFFDA97CA
信義區,臺北市信義區吳興街284巷29號,1030805,RPPNMLNKMHKFFDA27CA
信義區,臺北市信義區吳興街284巷5號,1030805,RPTOMLTJMHKFFDA28CA
信義區,臺北市信義區吳興街284巷23號,1030805,RPUOMLTJMHKFFDA38CA
南港區,臺北市南港區三重里重陽路493號,1030618,RPTPMLKKMHKFFDA57CA
中山區,臺北市中山區興亞里吉林路18號,1030530,RPXNMLRJMHKFFCA28CA
中山區,臺北市中山區吉林路7號,1030530,RPUOMLRJMHKFFCA08CA
中山區,臺北市中山區長春路102號,1030529,RPQOMLTJMHKFFCA87CA
文山區,臺北市文山區指南路三段62號,1030513,RPQRMLOLLHKFFAA57CA
北投區,臺北市北投區石牌路一段39巷131弄20號,1030508,RPROMLTKLHKFFEA18CA
士林區,臺北市士林區中山北路五段829巷55號,1030411,RPWNMLSKLHKFFEA48CA
大同區,臺北市大同區延平北路一段135號,1030408,RPOOMLKMLHKFFBA86CA
文山區,臺北市文山區三福街64號,1030127,RPVNMLKKMHKFFAA27CA
文山區,臺北市文山區羅斯福路六段129號,1030108,RPQNMLRLLHKFFAA47CA
信義區,臺北市信義區吳興街600巷100弄27號,1030108,RPSOMLLMLHKFFDA57CA
南港區,臺北市南港區研究院路二段61巷3號,1021230,RPQOMLNLLHKFFDA47CA
文山區,臺北市文山區久康街172號,1021217,RPTOMLKLLHKFFAA17CA
內湖區,臺北市內湖區新豐街41號,1021216,RPUPMLLMLHKFFCA77CA
內湖區,臺北市內湖區安泰街114巷16號,1021128,RPUNMLOKMHKFFCA77CA
內湖區,臺北市內湖區安泰街114巷6號,1021128,RPVNMLOKMHKFFCA87CA
北投區,臺北市北投區公□路231巷24號,1021119,RPPNMLLJMHKFFEA07CA
信義區,臺北市信義區基隆路一段29號,1021107,RPQNMLTJMHKFFDA87CA
南港區,臺北市南港區研究院路二段98巷19號,1020808,RPPOMLMJMHKFFDA17CA
南港區,臺北市南港區向陽路162巷113號,1020805,RPVPMLOKMHKFFDA18CA
內湖區,臺北市內湖區文湖街81巷43號,1020802,RPVNMLLJMHKFFCA47CA
內湖區,臺北市內湖區康樂街136巷18弄33號,1020625,RPRRMLRJMHKFFCA08CA
南港區,臺北市南港區園區街7號,1020521,RPSNMLQJMHKFFDA77CA
內湖區,臺北市內湖區康寧路三段189巷21弄26號,1020506,RPQOMLSLLHKFFCA97DA
北投區,臺北市北投區行義路16號,1020403,RPQPMLKLMHKFFEA47CA
內湖區,臺北市內湖區南京東路六段260號,1011226,RPUNMLKMLHKFFCA47CA
內湖區,臺北市內湖區南京東路六段250號,1011226,RPVPMLNLMHKFFCA08CA
文山區,臺北市文山區木柵路四段159巷12弄15號,1011129,RPOSNLOLLHKFFAA67DA
內湖區,臺北市內湖區新湖三路184號,1011128,RPQNMLTKLHKFFCA77CA
士林區,臺北市士林區德行東路113號,1011123,RPTOMLPLLHKFFEA08CA
士林區,臺北市士林區德行東路118號,1011123,RPTPMLPKMHKFFEA18CA
大安區,臺北市大安區光復南路707號,1011120,RPPNMLLJMHKFFFA17CA
萬華區,臺北市萬華區漢中街7號,1011120,RPRNMLLJMHKFFBA96CA
士林區,臺北市士林區承德路四段312號,1011109,RPPOMLLJMHKFFEA17CA
文山區,臺北市文山區萬芳路107巷1號,1010919,RPPOMLNLLHKFFAA07CA
文山區,臺北市文山區萬芳路107巷6號,1010919,RPQNMLQLLHKFFAA37CA
文山區,臺北市文山區萬芳路107巷24號,1010919,RPQNMLLJMHKFFAA76CA
文山區,臺北市文山區福興路106巷44號,1010827,RPPPMLTJMHKFFAA67CA
中正區,臺北市中正區師大路199號,1010824,RPRNMLLMLHKFFAA07CA
大同區,臺北市大同區歸綏街128號,1010809,RPTOMLLJMHKFFBA37DA
文山區,臺北市文山區景興路177巷27號,1010605,RPXNMLKLLHKFFAA47CA
內湖區,臺北市內湖區港華街93號,1010515,RPPNMLTJMHKFFCA67CA
中山區,臺北市中山區長安東路二段171號,1010409,RPWOMLQLLHKFFCA28CA
大同區,臺北市大同區酒泉街10巷26號,1010403,RPPNMLQLLHKFFBA37CA
北投區,臺北市北投區西安街一段196號,1010320,RPWPMLSJMHKFFEA68CA
南港區,臺北市南港區東新街118巷35號,1010314,RPOOMLPLLHKFFDA57DA
南港區,臺北市南港區東新街118巷70號,1010314,RPOOMLLMLHKFFDA27DA
南港區,臺北市南港區東新街118巷89號,1010314,RPORMLLLMHKFFDA47CA
北投區,臺北市北投區大度路三段270巷78號,1010217,RPWNMLRLLHKFFEA58DA
北投區,臺北市北投區大度路三段270巷83號,1010217,RPSNMLRLLHKFFEA18DA
北投區,臺北市北投區大度路三段270巷73號,1010217,RPSNMLQJMHKFFEA87CA
北投區,臺北市北投區大度路三段270巷77號,1010217,RPTNMLSLLHKFFEA28CA
北投區,臺北市北投區大度路三段270巷67號,1010217,RPORMLLMLHKFFEA57CA
大安區,臺北市大安區瑞安街135巷25號,1010119,RPWNMLNLLHKFFFA18CA
南港區,臺北市南港區三重路41巷31號,1010119,RPVPMLLMLHKFFDA08DA
士林區,臺北市士林區福德路31巷20號,1010112,RPRPMLTKLHKFFEA28CA
士林區,臺北市士林區福德路31巷9號,1010112,RPWPMLKMLHKFFEA08CA
士林區,臺北市士林區福德路31巷14號,1010112,RPPPMLRLLHKFFEA97CA
大安區,臺北市大安區基隆路二段244號,1001130,RPSOMLSJMHKFFFA28CA
內湖區,臺北市內湖區新明路498巷14弄8號,1001123,RPVPMLLJMHKFFCA67CA
文山區,臺北市文山區指南路三段27號,1001101,RPWOMLTKLHKFFAA38DA
內湖區,臺北市內湖區內湖路一段707號,1001028,RPUPMLQLLHKFFCA18CA
大安區,臺北市大安區信義路四段381號,1001027,RPWNMLKKMHKFFFA87CA
內湖區,臺北市內湖區行善路417巷41號,1001012,RPXPMLKMLHKFFCA97CA
松山區,臺北市松山區健康路391號,1000706,RPTNMLQKMHKFFDA97CA
大同區,臺北市大同區迪化街一段335號,1000701,RPRNMLKLMHKFFBA07CA
中山區,臺北市中山區撫順街24號,1000630,RPORMLKLMHKFFCA27CA
內湖區,臺北市內湖區港華街119號,1000610,RPORMLTKLHKFFCA97CA
松山區,臺北市松山區南京東路五段251巷48號,1000530,RPROMLRLLHKFFDA08DA
大同區,臺北市大同區太原路8號,1000418,RPWNMLKLLHKFFBA47CA
大同區,臺北市大同區民權西路103號,1000330,RPUOMLNLLHKFFBA67CA
內湖區,臺北市內湖區民權東路六段180巷152號,1000221,RPOQMLKLLHKFFCA07CA
內湖區,臺北市內湖區民權東路六段180巷141號,1000221,RPPPMLMJMHKFFCA17CA
文山區,臺北市文山區木柵路四段146號,1000214,RPPNMLLMLHKFFAA86CA
文山區,臺北市文山區木柵路四段135號,1000214,RPQOMLRKMHKFFAA57CA
中山區,臺北市中山區中山北路一段121巷50號,1000128,RPQNMLLMLHKFFCA17CA
內湖區,臺北市內湖區內湖路一段670號,991123,RPPPMLOLLHKFFCA47CA
大同區,臺北市大同區華亭街58號,991101,RPPOMLNLLHKFFBA17CA
文山區,臺北市文山區羅斯福路六段274號,990930,RPQOMLTKLHKFFAA67CA
中山區,臺北市中山區南京東路二段112號,990917,RPUSMLRJMHKFFCA48CA
信義區,臺北市信義區基隆路二段162號,990901,RPUOMLKMLHKFFDA67CA
中正區,臺北市中正區廈門街137號,990825,RPUNMLPLLHKFFAA67CA
文山區,臺北市文山區中崙路25巷6號,990812,RPQNMLKMLHKFFAA86CA
文山區,臺北市文山區指南路三段32巷11號,990806,RPQOMLQLLHKFFAA47CA
文山區,臺北市文山區指南路三段32巷1號,990729,RPVOMLKMLHKFFAA47CA
中正區,臺北市中正區中華路二段467巷10弄19號,990714,RPROMLKMLHKFFAA07CA
南港區,臺北市南港區經貿二路185巷54號,990628,RPRNMLQLLHKFFDA77CA
中山區,臺北市中山區南京東路二段194號,990528,RPXNMLRKLHKFFCA28CA
文山區,臺北市文山區興隆路二段301巷3號,990507,RPSNMLQLLHKFFAA57CA
文山區,臺北市文山區興隆路二段301巷8號,990507,RPTOMLLMLHKFFAA47DA
中山區,臺北市中山區敬業二路69巷27號,990430,RPRQMLNLLHKFFCA67CA
中山區,臺北市中山區敬業一路36巷2號,990430,RPOOMLOLLHKFFCA27CA
內湖區,臺北市內湖區行善路231號,990329,RPTPMLSKLHKFFCA28DA
中正區,臺北市中正區南昌路一段131號,990301,RPPNMLRJMHKFFAA27CA
中山區,臺北市中山區新生北路三段56巷11號,981021,RPUPMLKMLHKFFCA67CA
南港區,臺北市南港區重陽路125巷36弄15號,980921,RPRQMLLMLHKFFDA67CA
中山區,臺北市中山區新生北路二段35號,980916,RPWPMLKMLHKFFCA87CA
松山區,臺北市松山區八德路四段653號,980727,RPSOMLNLLHKFFDA67CA
中山區,臺北市中山區農安街28號,980622,RPQPMLOLLHKFFCA67DA
中山區,臺北市中山區吉林路218巷18號,980401,RPPPMLKMLHKFFCA17CA
中山區,臺北市中山區中山北路一段78號,980327,RPROMLLJMHKFFCA17CA
北投區,臺北市北投區幽雅路18號,980205,RPRPMLKLLHKFFEA47CA
北投區,臺北市北投區幽雅路23號,980205,RPTOMLTKLHKFFEA38CA
大安區,臺北市大安區四維路170巷42號,980115,RPOOMLNLLHKFFFA57DA
北投區,臺北市北投區明德路150巷2號,980114,RPOQMLKLLHKFFEA27CA
大安區,臺北市大安區基隆路二段186號,980109,RPPNMLMLLHKFFFA37CA
大安區,臺北市大安區基隆路二段205號,980109,RPWOMLKMLHKFFFA08CA
大安區,臺北市大安區基隆路二段195號,980109,RPQPMLSJMHKFFFA18CA
內湖區,臺北市內湖區民權東路六段139號,980106,RPUNMLQJMHKFFCA87CA
內湖區,臺北市內湖區民權東路六段129號,980106,RPRVMLPLLHKFFCA38CA
中山區,臺北市中山區樂群三路44號,971224,RPPRMLKLLHKFFCA27CA
內湖區,臺北市內湖區大湖山莊街176巷3號,971127,RPRQMLKLLHKFFCA37CA
北投區,臺北市北投區吉利街127巷22號,971111,RPURMLOLLHKFFEA48DA
內湖區,臺北市內湖區行善路48巷27號,971024,RPPPMLLMLHKFFCA27CA
內湖區,臺北市內湖區行善路48巷16號,971024,RPQPMLLMLHKFFCA37CA
士林區,臺北市士林區士東路276號,971014,RPRPMLPLLHKFFEA97CA
內湖區,臺北市內湖區新湖一路341號,971002,RPOOMLLMLHKFFCA07CA
中山區,臺北市中山區新生北路二段89號,970925,RPPPMLKLLHKFFCA07CA
內湖區,臺北市內湖區民權東路六段455號,970916,RPUPMLKLLHKFFCA57CA
內湖區,臺北市內湖區環山路二段53巷5弄24號,970804,RPOQMLLMLHKFFCA37DA
內湖區,臺北市內湖區文德路73號,970729,RPOQMLNLLHKFFCA37CA
內湖區,臺北市內湖區安泰街108號,970619,RPVOMLTKLHKFFCA38CA
文山區,臺北市文山區羅斯福路五段97號,970618,RPPOMLQLLHKFFAA37CA
北投區,臺北市北投區中央南路二段26號,970523,RPROMLSKLHKFFEA08CA
士林區,臺北市士林區德行西路32號,970502,RPSQMLLMLHKFFEA87CA
內湖區,臺北市內湖區瑞湖街110號,970417,RPPNMLOLLHKFFCA27CA
大安區,臺北市大安區和平東路一段50巷1弄25號,970414,RPTNMLQLLHKFFFA18CA
大安區,臺北市大安區和平東路一段50巷1弄15號,970414,RPPNMLSJMHKFFFA87CA
內湖區,臺北市內湖區南京東路六段334號,970407,RPPQMLLMLHKFFCA37CA
內湖區,臺北市內湖區內湖路一段411巷62弄9號,970331,RPORMLPLLHKFFCA67CA
中山區,臺北市中山區雙城街19巷28號,970312,RPPPMLTKLHKFFCA87CA
中山區,臺北市中山區雙城街19巷17號,970312,RPSQMLLMLHKFFCA67CA
松山區,臺北市松山區八德路四段442號,970205,RPSNMLPLLHKFFDA77CA
大安區,臺北市大安區復興南路二段90巷12號,970125,RPOOMLLMLHKFFFA37CA
南港區,臺北市南港區重陽路125巷36弄16號,970122,RPTOMLLMLHKFFDA67CA
中山區,臺北市中山區中山北路一段53巷6號,970104,RPUNMLSKLHKFFCA08CA
信義區,臺北市信義區松勤街25號,961225,RPVOMLNLLHKFFDA08DA
中山區,臺北市中山區敬業二路69巷59號,961218,RPSOMLLJMHKFFCA27CA
北投區,臺北市北投區崗山路8巷19號,961214,RPVNMLRJMHKFFEA28CA
北投區,臺北市北投區光明路8號,961119,RPPRMLOLLHKFFEA87CA
萬華區,臺北市萬華區西園路一段73號,961119,RPWNMLLLMHKFFBA67CA
中正區,臺北市中正區汀州路二段123號,961031,RPTPMLTJMHKFFAA08CA
內湖區,臺北市內湖區金湖路68號,961030,RPPRMLLJMHKFFCA27CA
文山區,臺北市文山區萬壽路86號,961023,RPWNMLOLLHKFFAA77CA
文山區,臺北市文山區萬壽路76號,961023,RPTNMLLMLHKFFAA27CA
文山區,臺北市文山區萬芳路51號,960921,RPUOMLTJMHKFFAA08CA
大安區,臺北市大安區永康街4巷10號,960911,RPOOMLSKLHKFFFA87CA
中山區,臺北市中山區長安東路一段59號,960810,RPVOMLLJMHKFFCA57CA
大安區,臺北市大安區復興南路二段78巷64號,960806,RPSOMLKLLHKFFFA67DA
內湖區,臺北市內湖區康寧路三段70巷83號,960710,RPUQMLLJMHKFFCA77DA
大安區,臺北市大安區瑞安街142巷28號,960623,RPPPMLKMLHKFFFA47CA
內湖區,臺北市內湖區民權東路六段137號,960621,RPUOMLRLLHKFFCA28DA
大同區,臺北市大同區環河北路二段277號,960606,RPROMLQLLHKFFBA67CA
信義區,臺北市信義區永吉路42號,960524,RPXNMLQLLHKFFDA38CA
中山區,臺北市中山區明水路631號,960503,RPRQMLLJMHKFFCA37CA
大安區,臺北市大安區信義路三段110號,960322,RPTNMLKLMHKFFFA67CA
南港區,臺北市南港區港東街115號,960115,RPSNMLOKMHKFFDA67CA
文山區,臺北市文山區景豐街74號,951123,RPWNMLRLLHKFFAA08CA
松山區,臺北市松山區八德路四段649號,951110,RPPOMLPLLHKFFDA57CA
松山區,臺北市松山區八德路四段639號,951110,RPTNMLMJMHKFFDA47CA
文山區,臺北市文山區和興路87號,950906,RPROMLLJMHKFFAA96CA
大安區,臺北市大安區市民大道四段123號,950828,RPPNMLMJMHKFFFA37DA
松山區,臺北市松山區八德路二段412號,950823,RPUOMLOLLHKFFDA08DA
信義區,臺北市信義區基隆路一段131號,950802,RPVOMLQLLHKFFDA28CA
中山區,臺北市中山區建國北路二段16號,950713,RPSQMLOLLHKFFCA97DA
士林區,臺北市士林區延平北路六段365號,950215,RPWNMLPLLHKFFEA28CA
萬華區,臺北市萬華區峨眉街100號,950126,RPQOMLLMLHKFFBA17CA
大安區,臺北市大安區敦化南路二段119號,950125,RPPOMLKMLHKFFFA37CA
中山區,臺北市中山區新生北路二段137巷18號,950102,RPPNMLQKMHKFFCA57DA
內湖區,臺北市內湖區金湖路347巷121弄23號,941219,RPTNMLMJMHKFFCA47DA
大安區,臺北市大安區基隆路二段133號,941111,RPQNMLSKLHKFFFA08DA
北投區,臺北市北投區溫泉路37巷2號,941111,RPQPMLNLLHKFFEA67CA
北投區,臺北市北投區溫泉路37巷7號,941111,RPXNMLKKMHKFFEA87CA
北投區,臺北市北投區溫泉路37巷26號,941111,RPPNMLRLLHKFFEA77CA
信義區,臺北市信義區忠孝東路五段451號,941006,RPOOMLLJMHKFFDA96CA
信義區,臺北市信義區忠孝東路五段230號,940930,RPRNMLSKLHKFFDA97DA
中山區,臺北市中山區林森北路520號,940826,RPSNMLKMLHKFFCA27CA
中正區,臺北市中正區忠孝東路二段14號,940825,RPXNMLMJMHKFFBA67CA
內湖區,臺北市內湖區康寧路三段70巷4號,940811,RPSPMLLMLHKFFCA67DA
大安區,臺北市大安區富陽街173號,940506,RPUOMLKLLHKFFFA77CA
大同區,臺北市大同區民生西路171巷27號,940414,RPROMLRKLHKFFBA67CA
北投區,臺北市北投區光明路197號,940322,RPUOMLMJMHKFFEA77CA
北投區,臺北市北投區光明路202號,940322,RPVQMLLMLHKFFEA28DA
文山區,臺北市文山區萬芳路11號,940128,RPQNMLOKMHKFFAA17CA
中山區,臺北市中山區農安街1號,931117,RPRPMLNLLHKFFCA67DA
中山區,臺北市中山區農安街6號,931117,RPQPMLLJMHKFFCA17CA
士林區,臺北市士林區環河北路三段114號,930518,RPUPMLKLLHKFFEA87DA
中正區,臺北市中正區廈門街147巷14號,930514,RPRNMLRLLHKFFAA57CA
松山區,臺北市松山區三民路35巷18號,930507,RPVOMLSJMHKFFDA38CA
大安區,臺北市大安區和平東路三段98號,930409,RPWOMLSJMHKFFFA68CA
北投區,臺北市北投區稻香路161巷13號,930312,RPXPMLSJMHKFFEA78CA
內湖區,臺北市內湖區內湖路一段91巷32號,921205,RPQQMLLJMHKFFCA27CA
中正區,臺北市中正區羅斯福路二段141號,921203,RPOQMLTKLHKFFAA67CA
信義區,臺北市信義區忠孝東路五段236巷45弄56號,920922,RPVOMLLMLHKFFDA87CA
中山區,臺北市中山區中山北路二段93巷15號,920808,RPUOMLKMLHKFFCA57CA
中山區,臺北市中山區中山北路二段93巷5號,920808,RPWNMLRJMHKFFCA18CA
大同區,臺北市大同區重慶北路三段70號,920328,RPVOMLLMLHKFFBA67CA
萬華區,臺北市萬華區昆明街118號,920122,RPVNMLTKLHKFFBA18CA
內湖區,臺北市內湖區瑞光路304號,911028,RPQPMLSJMHKFFCA97DA
內湖區,臺北市內湖區瑞光路323號,911028,SPQPMLSJMHKFFCA08DA
內湖區,臺北市內湖區星雲街210巷12號,910620,RPUQMLQLLHKFFCA28CA
大同區,臺北市大同區延平北路二段287號,910603,RPQOMLSKLHKFFBA77DA
內湖區,臺北市內湖區陽光街365巷37號,910502,RPOPMLNLLHKFFCA27CA
松山區,臺北市松山區光復北路235號,910320,RPROMLLMLHKFFDA47CA
松山區,臺北市松山區健康路35巷1號,910307,RPQNMLLLLHKFFDA17CA
士林區,臺北市士林區中山北路五段756巷19號,910109,RPTNMLSKLHKFFEA18CA
內湖區,臺北市內湖區瑞光路24號,901018,RPROMLSLLHKFFCA08DA
中山區,臺北市中山區長安東路二段104號,900313,RPTRMLTJMHKFFCA48CA
信義區,臺北市信義區光復南路513號,891124,RPQNMLTKLHKFFDA87CA
中山區,臺北市中山區敬業三路162巷158號,890628,RPPQMLLJMHKFFCA17CA
文山區,臺北市文山區福興路95巷87號,890529,RPVNMLOLLHKFFAA67CA
文山區,臺北市文山區景興路226號,890516,RPPPMLKMLHKFFAA96CA
大安區,臺北市大安區大安路一段16巷21號,881222,RPTNMLPLLHKFFFA08CA
內湖區,臺北市內湖區金湖路401巷11號,881202,RPOPMLKMLHKFFCA07CA
文山區,臺北市文山區興隆路四段109巷32弄15號,881117,RPUPMLLJMHKFFAA37CA
中山區,臺北市中山區中山北路二段59巷35號,880928,RPVPMLKMLHKFFCA77CA
中正區,臺北市中正區漢口街一段84號,880923,RPQNMLPLLHKFFBA37CA
中正區,臺北市中正區齊東街58號,880826,RPOOMLOLLHKFFBA17CA
文山區,臺北市文山區辛亥路六段21巷18號,880809,RPQPMLTKLHKFFAA77CA
文山區,臺北市文山區興隆路二段203巷38號,880329,RPOOMLKMLHKFFAA76CA
文山區,臺北市文山區興隆路二段203巷42號,880329,RPUNMLRLMHKFFAA97CA
文山區,臺北市文山區景福街54巷5弄2號,880119,RPPNMLPJMHKFFAA07CA
士林區,臺北市士林區基河路7號,871211,RPOOMLRKLHKFFEA77DA
大安區,臺北市大安區羅斯福路三段115號,871211,RPSNMLPLLHKFFFA97CA
內湖區,臺北市內湖區文德路225號,871126,RPPNMLTKLHKFFCA77DA
中山區,臺北市中山區林森北路119巷80號,871123,RPQOMLSLMHKFFCA97CA
大安區,臺北市大安區信義路三段80號,871103,RPROMLRJMHKFFFA08CA
中正區,臺北市中正區仁愛路一段51巷9號,870724,RPVNMLLMLHKFFBA57CA
信義區,臺北市信義區吳興街600巷76弄88號,870625,RPQNMLRLLHKFFDA77CA
南港區,臺北市南港區福德街373巷34號,870521,RPOOMLPKMHKFFDA47CA
中山區,臺北市中山區通北街65巷2弄22號,870508,RPOQMLQLLHKFFCA67CA
內湖區,臺北市內湖區行善路25巷8弄22號,870506,RPWOMLQKMHKFFCA38DA
內湖區,臺北市內湖區行善路25巷57號,870506,RPWOMLLJMHKFFCA77DA
北投區,臺北市北投區新興路158巷46號,870506,RPTNMLTLLHKFFEA48DA
中山區,臺北市中山區雙城街10巷6號,870430,RPXNMLOLLHKFFCA08CA
文山區,臺北市文山區仙岩路16巷71號,870327,RPWWMLOLLHKFFAA68CA
內湖區,臺北市內湖區康樂街136巷3弄29號,870122,RPWPMLKLLHKFFCA77CA
內湖區,臺北市內湖區文德路90巷49號,861125,RPQOMLTKLHKFFCA97DA
文山區,臺北市文山區木柵路二段54號,861104,RPUNMLKKMHKFFAA17CA
內湖區,臺北市內湖區瑞光路76巷43號,861030,RPXOMLRLLHKFFCA48CA
中山區,臺北市中山區北安路578巷8弄18號,861020,RPPNMLLMLHKFFCA07CA
中山區,臺北市中山區北安路578巷8弄8號,861020,RPWPMLRLLHKFFCA48CA
士林區,臺北市士林區社子街56號,860703,RPUNMLNLLHKFFEA87CA
文山區,臺北市文山區興隆路二段203巷62號,860623,RPRPMLQKMHKFFAA67CA
文山區,臺北市文山區興隆路二段203巷111號,860623,RPQPMLKMLHKFFAA07CA
中山區,臺北市中山區建國北路一段23巷40號,860613,RPTRMLSJMHKFFCA38CA
文山區,臺北市文山區萬和街15號,860419,RPPOMLLMLHKFFAA96CA
大同區,臺北市大同區歸綏街125號,860331,RPOPMLQLLHKFFBA47CA
中正區,臺北市中正區同安街69號,860131,RPRNMLPKMHKFFAA37CA
文山區,臺北市文山區政大三街28號,851217,RPOPMLSKLHKFFAA47CA
文山區,臺北市文山區政大三街17號,851217,RPWOMLRJMHKFFAA18DA
信義區,臺北市信義區信義路五段150巷502號,851209,RPQOMLRJMHKFFDA87DA
中山區,臺北市中山區民權東路三段12號,851125,RPPQMLRLLHKFFCA87CA
內湖區,臺北市內湖區金龍路241號,851115,RPWNMLKLLHKFFCA67DA
北投區,臺北市北投區立農街二段186號,851106,RPQOMLNLLHKFFEA57CA
北投區,臺北市北投區立農街二段205號,851106,RPUOMLLJMHKFFEA67CA
文山區,臺北市文山區木柵路二段109巷100弄89號,850925,RPXNMLPLLHKFFAA97CA
文山區,臺北市文山區木柵路二段109巷100弄49號,850925,RPUNMLKMLHKFFAA27CA
北投區,臺北市北投區吉利街123巷9號,850925,RPVNMLRKLHKFFEA28CA
信義區,臺北市信義區松隆路133號,850925,RPPPMLKMLHKFFDA37DA
文山區,臺北市文山區木柵路三段48巷1弄3號,850830,RPOOMLNKMHKFFAA96CA
中山區,臺北市中山區林森北路472號,850730,RPSPMLLLMHKFFCA57CA
中山區,臺北市中山區新生北路二段56號,850718,RPPNMLKMLHKFFCA96CA
文山區,臺北市文山區政大二街206巷16號,850607,RPRQMLSJMHKFFAA87CA
大同區,臺北市大同區歸綏街160巷21號,850530,RPPNMLLJMHKFFBA76CA
內湖區,臺北市內湖區康寧路一段160號,850430,RPQPMLOKMHKFFCA57CA
北投區,臺北市北投區文林北路299號,850228,RPQOMLRJMHKFFEA87CA
北投區,臺北市北投區翠宜路35號,850214,RPVOMLQKMHKFFEA38CA
北投區,臺北市北投區中央北路三段40巷43弄23號,850208,RPQQMLQKLHKFFEA08DA
士林區,臺北市士林區後街21巷13號,850115,RPQOMLMJMHKFFEA37CA
文山區,臺北市文山區景興路198號,850104,RPQQMLTKLHKFFAA87CA
南港區,臺北市南港區八德路四段877號,841219,RPOPMLNLLHKFFDA47DA
文山區,臺北市文山區木柵路四段21巷12號,841127,RPWPMLNLLHKFFAA87CA
大同區,臺北市大同區歸綏街97巷1號,841030,RPVOMLQLLHKFFBA08CA
大安區,臺北市大安區信義路二段198巷50號,841003,RPTNMLKLLHKFFFA57CA
大安區,臺北市大安區四維路66巷25號,840915,RPQNMLNLLHKFFFA57CA
內湖區,臺北市內湖區星雲街150巷14號,840829,RPSRMLPLLHKFFCA18DA
北投區,臺北市北投區裕民六路4號,840828,RPPOMLQLLHKFFEA77CA
中山區,臺北市中山區撫順街9號,840823,RPROMLRJMHKFFCA87DA
北投區,臺北市北投區中和街525巷27號,840811,RPUNMLTKLHKFFEA48DA
北投區,臺北市北投區天母北路105巷15弄3號,840629,RPWPMLRLLHKFFEA68CA
內湖區,臺北市內湖區康寧路三段99巷39弄22號,840508,RPRPMLOKMHKFFCA67CA
松山區,臺北市松山區敦化北路155巷11號,840422,RPOOMLRLLHKFFDA67CA
北投區,臺北市北投區復興二路60巷16號,840321,RPOPMLKMLHKFFEA27CA
北投區,臺北市北投區復興二路60巷6號,840321,SPOPMLKMLHKFFEA37CA
信義區,臺北市信義區嘉興街324號,840216,RPWOMLKMLHKFFDA87CA
內湖區,臺北市內湖區成功路四段167巷29號,840128,RPRRMLLJMHKFFCA47CA
內湖區,臺北市內湖區內湖路二段419號,840125,RPOPMLKLMHKFFCA07CA
內湖區,臺北市內湖區內湖路二段499號,840112,RPQPMLKKMHKFFCA17CA
北投區,臺北市北投區文化三路23號,840110,RPWQMLLMLHKFFEA28CA
文山區,臺北市文山區景興路193號,831210,RPQNMLKLLHKFFAA86DA
文山區,臺北市文山區景興路183號,831210,RPVPMLLMLHKFFAA67CA
中山區,臺北市中山區林森北路107巷67號,831205,RPPOMLSKLHKFFCA67CA
中山區,臺北市中山區新生北路二段72巷26號,831201,RPQQMLRJMHKFFCA87CA
內湖區,臺北市內湖區瑞光路225號,831108,RPPOMLKMLHKFFCA07CA
文山區,臺北市文山區辛亥路四段77巷50號,831101,RPSNMLSLLHKFFAA77CA
中山區,臺北市中山區松江路130號,831014,RPSPMLQKMHKFFCA97CA
中山區,臺北市中山區松江路135號,831014,SPSPMLQKMHKFFCA08CA
中山區,臺北市中山區松江路124號,831014,RPTPMLQKMHKFFCA08CA
中山區,臺北市中山區松江路143號,831014,SPTPMLQKMHKFFCA18CA
北投區,臺北市北投區中和街537號,830811,RPOOMLQLLHKFFEA67CA
內湖區,臺北市內湖區內湖路三段72巷77號,830729,RPRPMLTKLHKFFCA18DA
內湖區,臺北市內湖區成功路四段30巷7號,830701,RPROMLLMLHKFFCA47DA
大同區,臺北市大同區延平北路二段71號,830609,RPRNMLLMLHKFFBA17CA
北投區,臺北市北投區立農街二段202巷3弄1號,830426,RPSNMLKKMHKFFEA37CA
松山區,臺北市松山區八德路三段216號,830411,RPROMLRKMHKFFDA08DA
大安區,臺北市大安區和平東路二段175巷15弄24號,830317,RPQNMLLMLHKFFFA57DA
內湖區,臺北市內湖區民權東路六段280巷155弄14號,821231,RPQNMLNJMHKFFCA17CA
內湖區,臺北市內湖區金龍路222巷19號,821213,RPWPMLLJMHKFFCA77CA
內湖區,臺北市內湖區內湖路一段47巷22弄8號,821115,RPQNMLSJMHKFFCA67CA
松山區,臺北市松山區塔悠路327號,821021,RPQPMLKLLHKFFDA27CA
松山區,臺北市松山區塔悠路303號,821021,RPRNMLLMLHKFFDA37CA
大同區,臺北市大同區延平北路二段272巷21號,820813,RPROMLLJMHKFFBA07CA
內湖區,臺北市內湖區大湖山莊街236號,820729,RPVNMLKLMHKFFCA57CA
中山區,臺北市中山區長安東路二段76號,820714,RPQRMLLJMHKFFCA37CA
松山區,臺北市松山區健康路155號,820323,RPWOMLNLLHKFFDA18DA
中山區,臺北市中山區長春路310號,820309,RPUNMLKLLHKFFCA37CA
中山區,臺北市中山區建國北路二段3巷28號,811217,RPOPMLPLLHKFFCA47CA
士林區,臺北市士林區忠誠路一段171巷10弄18號,810930,RPWOMLSKLHKFFEA58CA
內湖區,臺北市內湖區金龍路233號,810822,RPPPMLLLMHKFFCA27CA
中山區,臺北市中山區中山北路二段102號,810811,RPSOMLOLLHKFFCA67CA
文山區,臺北市文山區興隆路四段74巷21弄17號,810805,RPQNMLLMLHKFFAA96CA
中正區,臺北市中正區寧波西街37號,810706,RPVPMLLJMHKFFAA47CA
中正區,臺北市中正區南昌路一段85號,810514,RPXNMLKMLHKFFAA57CA
大同區,臺北市大同區長安西路151號,810422,RPSOMLOLLHKFFBA57CA
松山區,臺北市松山區三民路74巷20號,810413,RPXNMLPLLHKFFDA38DA
松山區,臺北市松山區三民路74巷9號,810413,RPPPMLLJMHKFFDA17CA
信義區,臺北市信義區松隆路104號,801128,RPTOMLQLLHKFFDA18DA
內湖區,臺北市內湖區東湖路113巷94號,800729,RPRNMLNLLHKFFCA47DA
文山區,臺北市文山區羅斯福路六段159巷5弄8號,800710,RPVNMLSKLHKFFAA97CA
信義區,臺北市信義區信安街95巷27號,800710,RPTRMLQKMHKFFDA38CA
松山區,臺北市松山區八德路二段366巷47號,800524,RPXNMLNLLHKFFDA08CA
北投區,臺北市北投區杏林二路111號,800523,RPOPMLLMLHKFFEA37CA
松山區,臺北市松山區延吉街11號,800426,RPPNMLLLLHKFFDA07CA
中山區,臺北市中山區德惠街193巷29號,800419,RPOPMLQLLHKFFCA57CA
松山區,臺北市松山區寶清街5號,800227,RPROMLQLLHKFFDA87CA
萬華區,臺北市萬華區內江街144號,800110,RPRNMLQKMHKFFBA57CA
大安區,臺北市大安區安和路二段209號,800105,RPVNMLRLLHKFFFA48CA
大安區,臺北市大安區辛亥路一段108號,791219,RPRNMLLMLHKFFFA57CA
信義區,臺北市信義區林口街158號,791022,RPTNMLSJMHKFFDA08CA
內湖區,臺北市內湖區內湖路一段1巷9弄43號,790621,RPUOMLNLLHKFFCA77CA
松山區,臺北市松山區八德路四段2號,790508,RPTOMLKMLHKFFDA57CA
大安區,臺北市大安區仁愛路四段151巷51號,790420,RPUNMLKKMHKFFFA67CA
大安區,臺北市大安區安和路一段21巷25號,790220,RPSNMLKKMHKFFFA47CA
萬華區,臺北市萬華區內江街105號,790220,RPSNMLLJMHKFFBA07CA
信義區,臺北市信義區基隆路二段140號,790119,RPXPMLMJMHKFFDA08CA
中正區,臺北市中正區忠孝東路一段69號,781230,RPWNMLLMLHKFFBA67CA
中正區,臺北市中正區忠孝東路一段88號,781230,SPWNMLLMLHKFFBA77CA
大同區,臺北市大同區承德路一段94號,781227,RPQNMLKMLHKFFBA96CA
信義區,臺北市信義區吳興街284巷30弄82號,781226,RPROMLMLMHKFFDA57CA
內湖區,臺北市內湖區內湖路一段72號,781211,RPQNMLPKMHKFFCA57DA
中山區,臺北市中山區吉林路47號,781124,RPVOMLNLLHKFFCA87CA
信義區,臺北市信義區吳興街494巷6號,780815,RPQNMLSKLHKFFDA77CA
中正區,臺北市中正區重慶南路三段161號,780720,RPWNMLPKMHKFFAA87CA
士林區,臺北市士林區中山北路七段35巷1號,780609,RPRPMLLMLHKFFEA67CA
中山區,臺北市中山區新生北路二段28巷19號,780517,RPVNMLRLLHKFFCA18CA
文山區,臺北市文山區興隆路二段234號,780508,RPPNMLNLLHKFFAA96CA
萬華區,臺北市萬華區廣州街234號,780503,RPXNMLQLLHKFFBA18CA
萬華區,臺北市萬華區西園路一段153號,780503,RPXNMLRJMHKFFBA18CA
信義區,臺北市信義區忠孝東路五段423巷6弄38號,780425,RPWQMLMJMHKFFDA18DA
信義區,臺北市信義區光復南路506號,780301,RPOPMLQLLHKFFDA67CA
信義區,臺北市信義區信義路五段150巷401弄2號,780223,RPVNMLNLLHKFFDA97DA
內湖區,臺北市內湖區成功路四段122號,780214,RPXOMLOLLHKFFCA18CA
北投區,臺北市北投區行義路186巷21號,780131,RPWNMLMJMHKFFEA87CA
松山區,臺北市松山區北寧路51號,770701,RPUNMLRLLHKFFDA18CA
中山區,臺北市中山區新生北路一段51號,770613,RPPOMLLLMHKFFCA17CA
中山區,臺北市中山區建國北路二段51號,770524,RPTOMLKLLHKFFCA37CA
中正區,臺北市中正區羅斯福路一段40號,770202,RPOOMLLJMHKFFAA66CA
內湖區,臺北市內湖區文湖街21巷17弄10號,770202,RPWOMLRLLHKFFCA38CA
大安區,臺北市大安區新生南路三段45號,770106,RPXNMLLMLHKFFFA18CA
信義區,臺北市信義區光復南路455號,760917,RPPPMLRLLHKFFDA87CA
士林區,臺北市士林區天母西路50巷23號,760817,RPQQMLRLLHKFFEA28DA
中山區,臺北市中山區中山北路一段83巷28號,760609,RPROMLMJMHKFFCA27CA
大安區,臺北市大安區忠孝東路三段198號,760423,RPTNMLKKMHKFFFA57CA
大安區,臺北市大安區建國南路一段175巷22號,760423,RPSNMLRLLHKFFFA18CA
中山區,臺北市中山區新生北路三段72號,760126,RPSNMLRKMHKFFCA87CA
松山區,臺北市松山區八德路四段91巷3弄2號,751213,RPUNMLSKLHKFFDA28DA
中山區,臺北市中山區民權東路三段66號,751125,RPQQMLKMLHKFFCA37CA
內湖區,臺北市內湖區民權東路六段295號,751106,RPUPMLLLMHKFFCA77CA
萬華區,臺北市萬華區大理街15號,751024,RPRNMLRLLHKFFBA67CA
萬華區,臺北市萬華區大理街19號,751024,RPTNMLRLLHKFFBA87CA
中山區,臺北市中山區林森北路107巷79號,751009,RPUPMLRLLHKFFCA28CA
士林區,臺北市士林區至善路二段99號,750902,RPOOMLRJMHKFFEA67CA
士林區,臺北市士林區天母東路69巷9號,750806,RPPOMLLMLHKFFEA37CA
士林區,臺北市士林區中山北路七段220巷9號,750619,RPWPMLKLLHKFFEA08DA
大安區,臺北市大安區仁愛路四段345巷15弄9號,750609,RPXNMLTKLHKFFFA88DA
中山區,臺北市中山區復興北路190巷9號,750609,RPRPMLRLLHKFFCA97CA
大安區,臺北市大安區延吉街104號,750522,RPVNMLRJMHKFFFA38CA
大安區,臺北市大安區建國南路一段341巷14號,750520,RPVOMLKLLHKFFFA97DA
松山區,臺北市松山區八德路四段674號,750505,RPPPMLKLLHKFFDA17CA
大安區,臺北市大安區建國南路二段123巷14號,750415,RPPNMLNLLHKFFFA57DA
中山區,臺北市中山區大直街34巷14號,750414,RPRPMLLJMHKFFCA27CA
松山區,臺北市松山區南京東路三段335巷3號,750321,RPPPMLOLLHKFFDA57CA
松山區,臺北市松山區南京東路三段303巷14弄3號,750321,RPUNMLOLLHKFFDA87CA
內湖區,臺北市內湖區康寧路一段214巷3號,750319,RPROMLKLLHKFFCA27DA
中山區,臺北市中山區民生東路三段88巷3號,750314,RPRRMLSJMHKFFCA18CA
中山區,臺北市中山區興安街63號,750314,RPXPMLNLLHKFFCA18CA
北投區,臺北市北投區文化三路142號,750312,RPOPMLPLLHKFFEA67CA
士林區,臺北市士林區雨聲街53巷22號,750311,RPQNMLRKLHKFFEA77CA
士林區,臺北市士林區福志路14巷7弄22號,750214,RPTQMLLMLHKFFEA08DA
內湖區,臺北市內湖區東湖路113巷49弄112號,750124,RPQNMLMJMHKFFCA07CA
北投區,臺北市北投區行義路186巷26弄22號,750116,RPVOMLRLLHKFFEA48CA
內湖區,臺北市內湖區康樂街61巷12弄22號,741230,RPPNMLSJMHKFFCA57CA
士林區,臺北市士林區忠誠路二段117號,741205,RPVPMLMJMHKFFEA97CA
信義區,臺北市信義區永吉路357號,741113,RPOOMLKKMHKFFDA07DA
信義區,臺北市信義區基隆路二段27號,741109,RPQOMLLJMHKFFDA17CA
大安區,臺北市大安區金山南路二段156巷27號,740827,RPUNMLNLLHKFFFA97CA
信義區,臺北市信義區莊敬路267號,740815,RPPNMLMJMHKFFDA07CA
萬華區,臺北市萬華區萬大路329巷16號,740807,RPUNMLOLLHKFFBA67CA
信義區,臺北市信義區吳興街600巷76弄76號,740731,RPUNMLNLLHKFFDA77CA
士林區,臺北市士林區承德路四段316號,740723,RPVOMLKMLHKFFEA87CA
文山區,臺北市文山區木新路二段79巷12弄16號,740625,RPQOMLPLLHKFFAA37CA
中山區,臺北市中山區長安東路二段106號,740528,RPTNMLOLLHKFFCA77DA
中山區,臺北市中山區吉林路126號,740527,RPPOMLPLLHKFFCA47CA
大安區,臺北市大安區和平東路三段1巷72弄6號,740522,RPWNMLKMLHKFFFA97CA
南港區,臺北市南港區富康街6號,740516,RPUPMLSKLHKFFDA38CA
北投區,臺北市北投區尊賢街218巷6號,740507,RPTOMLNLLHKFFEA87CA
萬華區,臺北市萬華區西昌街156號,740416,RPXNMLTKLHKFFBA38CA
萬華區,臺北市萬華區西昌街160號,740416,RPOOMLTKLHKFFBA57CA
大安區,臺北市大安區敦化南路二段63巷53弄10號,740410,RPSPMLSJMHKFFFA38CA
北投區,臺北市北投區中央北路三段10號,740328,RPPOMLTKLHKFFEA97CA
中山區,臺北市中山區新生北路三段68巷10號,740316,RPQNMLSLLHKFFCA87DA
大同區,臺北市大同區承德路二段40號,740211,RPWOMLQLLHKFFBA18CA
北投區,臺北市北投區自強街120巷15弄29號,740118,RPSOMLKLMHKFFEA57CA
北投區,臺北市北投區致遠二路61巷29號,731115,RPSQMLRLLHKFFEA48DA
北投區,臺北市北投區中山北路七段219巷3弄149號,731027,RPXNMLRJMHKFFEA48CA
北投區,臺北市北投區同德街40巷29號,731022,RPXOMLTKLHKFFEA78CA
士林區,臺北市士林區士東路286巷3弄29號,731013,RPUOMLNLLHKFFEA97CA
中山區,臺北市中山區林森北路419號,730927,RPWOMLNLLHKFFCA97CA
中山區,臺北市中山區林森北路259巷5號,730922,RPPNMLRJMHKFFCA47CA
大安區,臺北市大安區和平東路二段118巷6弄5號,730920,RPOPMLQKMHKFFFA87CA
北投區,臺北市北投區中山北路七段219巷3弄35號,730920,RPRNMLSKLHKFFEA08DA
士林區,臺北市士林區士東路266巷16弄5號,730912,RPXOMLKLLHKFFEA97CA
松山區,臺北市松山區市民大道四段323號,730903,RPVNMLMJMHKFFDA77DA
文山區,臺北市文山區興隆路三段207巷12弄13號,730830,RPQPMLLMLHKFFAA17CA
文山區,臺北市文山區興隆路三段207巷16弄18號,730830,RPUOMLPLLHKFFAA77CA
中山區,臺北市中山區民生東路二段127巷7號,730828,RPUNMLQLLHKFFCA97CA
士林區,臺北市士林區雨農路21巷15弄26號,730809,RPQNMLMJMHKFFEA37DA
士林區,臺北市士林區德行東路109巷102弄2號,730629,RPVNMLLJMHKFFEA67CA
中山區,臺北市中山區南京東路一段20號,730621,RPPNMLSLLHKFFCA77DA
北投區,臺北市北投區同德街55號,730619,RPSNMLRKLHKFFEA97CA
士林區,臺北市士林區忠義街45號,730615,RPTPMLKMLHKFFEA77CA
士林區,臺北市士林區福華路154號,730529,RPTOMLLMLHKFFEA77CA
內湖區,臺北市內湖區內湖路二段39號,730526,RPSNMLSKLHKFFCA87CA
文山區,臺北市文山區景華街82巷7弄28號,730521,RPQNMLSKLHKFFAA47CA
北投區,臺北市北投區溫泉路137號,730517,RPPNMLSKLHKFFEA77CA
士林區,臺北市士林區中山北路七段52號,730427,RPTOMLPLMHKFFEA18CA
大安區,臺北市大安區和平東路三段251號,730420,RPPOMLOLLHKFFFA67CA
中山區,臺北市中山區民權東路三段60巷3弄16號,730411,RPRNMLKLLHKFFCA07CA
內湖區,臺北市內湖區文德路66巷32弄6號,730207,RPPNMLMLLHKFFCA07CA
松山區,臺北市松山區光復南路46巷24號,730131,RPXPMLSKLHKFFDA78DA
文山區,臺北市文山區興隆路二段96巷119號,721231,RPXOMLKMLHKFFAA67CA
文山區,臺北市文山區指南路三段49號,721224,RPTPMLSKLHKFFAA97CA
文山區,臺北市文山區辛亥路五段73巷7弄8號,721223,RPVNMLRLLHKFFAA97CA
士林區,臺北市士林區天母東路8巷30弄13號,721210,RPVOMLLJMHKFFEA77CA
士林區,臺北市士林區中山北路五段813號,721122,RPTNMLSJMHKFFEA18CA
內湖區,臺北市內湖區內湖路一段217巷7號,721117,RPOQMLSKLHKFFCA77CA
大安區,臺北市大安區溫州街68巷26號,720929,RPROMLKLMHKFFFA57CA
萬華區,臺北市萬華區桂林路226號,720929,RPOOMLQLLHKFFBA37CA
萬華區,臺北市萬華區環河南路二段62巷1弄20號,720929,RPOOMLPLLHKFFBA27CA
文山區,臺北市文山區福興路82巷1弄10號,720905,RPVNMLNKMHKFFAA57CA
文山區,臺北市文山區新光路一段149號,720902,RPXOMLRJMHKFFAA18CA
文山區,臺北市文山區萬安街59號,720728,RPUNMLRJMHKFFAA77CA
文山區,臺北市文山區萬安街44巷4號,720728,RPURNLOLLHKFFAA08CA
內湖區,臺北市內湖區陽光街92巷7弄4號,720725,RPQNMLQLLHKFFCA57CA
信義區,臺北市信義區信安街154號,720712,RPOOMLSKLHKFFDA77DA
信義區,臺北市信義區和平東路三段293號,720712,RPSOMLKMLHKFFDA47CA
中山區,臺北市中山區四平街143號,720620,RPUQMLKMLHKFFCA77CA
松山區,臺北市松山區民生東路五段263號,720422,RPPQMLKLLHKFFDA27CA
松山區,臺北市松山區民生東路五段263號,720422,SPPQMLKLLHKFFDA37CA
大安區,臺北市大安區忠孝東路三段248巷19弄58號,720401,RPRNMLSKLHKFFFA08CA
內湖區,臺北市內湖區內湖路一段285巷69弄118號,720331,RPSPMLOLLHKFFCA77CA
士林區,臺北市士林區延平北路五段285巷58號,720211,RPQOMLLJMHKFFEA27CA
大安區,臺北市大安區仁愛路四段112巷9弄28號,720121,RPSOMLKKMHKFFFA67DA
內湖區,臺北市內湖區陽光街88號,711224,RPSNMLMJMHKFFCA37DA
中山區,臺北市中山區農安街137號,711123,RPUPMLOLLHKFFCA97CA
大同區,臺北市大同區承德路三段51巷17號,711104,RPTNMLPLLHKFFBA67CA
內湖區,臺北市內湖區陽光街92巷24弄17號,711023,RPOPMLLLMHKFFCA17CA
北投區,臺北市北投區中央北路四段287號,710824,RPUPMLRLLHKFFEA48CA
中山區,臺北市中山區松江路107號,710703,RPUQMLPKMHKFFCA18CA
萬華區,臺北市萬華區國興路1巷7號,710702,RPUOMLLJMHKFFBA37CA
萬華區,臺北市萬華區國興路1巷7號,710702,RPTOMLLMLHKFFBA47CA
萬華區,臺北市萬華區環河南路三段157號,710624,RPTOMLSKLHKFFBA97CA
萬華區,臺北市萬華區西寧南路7號,710621,RPTNMLLJMHKFFBA17CA
內湖區,臺北市內湖區麗山街348巷7號,710615,RPUNMLOLLHKFFCA77CA
文山區,臺北市文山區萬盛街156巷12號,710607,RPRPMLLMLHKFFAA27CA
中山區,臺北市中山區林森北路402號,710531,RPSPMLSKLHKFFCA08CA
中山區,臺北市中山區林森北路402號,710531,RPPOMLOLLHKFFCA37CA
中山區,臺北市中山區合江街20巷42號,710525,RPUOMLQLLHKFFCA08CA
大安區,臺北市大安區永康街47巷12號,710518,RPRNMLNLLHKFFFA67CA
中山區,臺北市中山區中山北路一段105巷1號,710420,RPVNMLNKMHKFFCA87DA
中山區,臺北市中山區德惠街50號,710227,RPUQMLRLLHKFFCA38CA
中山區,臺北市中山區德惠街55號,710227,RPPQMLKMLHKFFCA27CA
文山區,臺北市文山區秀明路二段104號,710226,RPPPMLLJMHKFFAA86CA
中山區,臺北市中山區林森北路109號,710224,RPOPMLLJMHKFFCA96CA
大安區,臺北市大安區信義路四段199巷8號,710111,RPOPMLNLLHKFFFA67DA
內湖區,臺北市內湖區內湖路一段629巷33弄27號,701229,RPQNMLLLLHKFFCA17DA
松山區,臺北市松山區敦化北路4巷63號,701229,RPXOMLTJMHKFFDA68CA
中山區,臺北市中山區松江路46巷21號,701223,RPWSMLTJMHKFFCA88CA
中山區,臺北市中山區新生北路一段101號,701222,RPWNMLRLLHKFFCA28CA
中山區,臺北市中山區新生北路一段106號,701222,RPQRMLRJMHKFFCA97CA
北投區,臺北市北投區行義路125號,701120,RPSNMLTLLHKFFEA38DA
北投區,臺北市北投區知行路292巷14弄10號,700930,RPQNMLQJMHKFFEA77DA
中山區,臺北市中山區新生北路三段29號,700703,RPQNMLLJMHKFFCA96CA
中山區,臺北市中山區新生北路三段18號,700703,RPRNMLLJMHKFFCA07CA
中山區,臺北市中山區林森北路85巷83號,700630,RPQOMLLJMHKFFCA07CA
中正區,臺北市中正區羅斯福路二段43號,700623,RPPOMLTKLHKFFAA57CA
北投區,臺北市北投區育仁路122號,700623,RPWOMLKLLHKFFEA87CA
松山區,臺北市松山區八德路四段245巷37號,700620,RPQNMLMJMHKFFDA17CA
北投區,臺北市北投區杏林二路26號,700615,RPQPMLSJMHKFFEA08CA
中山區,臺北市中山區長安東路二段61號,700613,RPUOMLRKLHKFFCA08CA
大安區,臺北市大安區樂利路50號,700410,RPXOMLKMLHKFFFA18CA
士林區,臺北市士林區前港街120巷9號,700314,RPSOMLPLLHKFFEA08DA
中山區,臺北市中山區復興北路430巷44號,700313,RPOPMLRLLHKFFCA67CA
大同區,臺北市大同區延平北路一段44號,700223,RPOOMLKLLHKFFBA86DA
大同區,臺北市大同區延平北路一段44號,700223,RPSOMLLJMHKFFBA17CA
大安區,臺北市大安區信義路四段164號,700220,RPQNMLTKLHKFFFA08CA
大安區,臺北市大安區敦化南路一段374號,700219,RPOOMLPLLHKFFFA67CA
大安區,臺北市大安區信義路四段265巷21弄4號,700120,RPXNMLTJMHKFFFA78CA
大安區,臺北市大安區復興南路一段364號,691117,RPXNMLRLLHKFFFA78DA
北投區,臺北市北投區奇岩路64號,691113,RPPPMLKLLHKFFEA27CA
中山區,臺北市中山區松江路170巷34號,691101,RPOOMLKLLHKFFCA86CA
士林區,臺北市士林區中正路604號,691029,RPUOMLLLMHKFFEA87CA
北投區,臺北市北投區立農街一段257巷10弄4號,691002,RPPOMLKKMHKFFEA17CA
北投區,臺北市北投區吉利街232號,690926,RPPQMLQKLHKFFEA97DA
士林區,臺北市士林區永倫里延平北路六段258巷36弄22號,690920,RPTNMLOLLHKFFEA87CA
北投區,臺北市北投區中和街52號,690821,RPSOMLNLLHKFFEA77CA
中正區,臺北市中正區和平西路二段22號,690815,RPROMLQKLHKFFAA57DA
中正區,臺北市中正區重慶南路三段117號,690806,RPRNMLKMLHKFFAA96CA
松山區,臺北市松山區民權東路三段160巷27號,690801,RPPNMLNLLHKFFDA27CA
北投區,臺北市北投區崗山路17號,690729,RPVOMLNLLHKFFEA18DA
文山區,臺北市文山區和興路44巷14弄17號,690531,RPUOMLLJMHKFFAA37DA
中山區,臺北市中山區民生東路二段171號,690522,RPORMLSJMHKFFCA87CA
松山區,臺北市松山區三民路113巷21號,690521,RPVOMLPKMHKFFDA18CA
士林區,臺北市士林區延平北路六段258巷36弄21號,690426,RPOPMLTKLHKFFEA97CA
文山區,臺北市文山區景華街111號,690212,RPSOMLLMLHKFFAA27CA
文山區,臺北市文山區興隆路三段112巷4弄51號,690201,RPQNMLLLLHKFFAA86CA
士林區,臺北市士林區福港街262巷11號,690126,RPSPMLLMLHKFFEA77CA
士林區,臺北市士林區福港街251號,690110,RPRNMLRKLHKFFEA87CA
中山區,臺北市中山區新生北路二段133巷11號,690110,RPQPMLKLLHKFFCA17CA
文山區,臺北市文山區景興路85巷11號,681107,RPVOMLLMLHKFFAA57CA
北投區,臺北市北投區泉源路71號,681101,RPOPMLRLLHKFFEA87CA
大安區,臺北市大安區大安路一段11號,680925,RPWNMLLMLHKFFFA08CA
信義區,臺北市信義區富陽街71巷1號,680925,RPVOMLSKLHKFFDA38CA
中山區,臺北市中山區龍江路421號,680910,RPXNMLLJMHKFFCA67CA
中山區,臺北市中山區中山北路二段115巷1號,680804,RPRSMLRJMHKFFCA18CA
北投區,臺北市北投區知行路245巷1號,680705,RPWOMLRLLHKFFEA58CA
士林區,臺北市士林區福志路91號,680630,RPSPMLQKMHKFFEA18CA
中山區,臺北市中山區中山北路二段45巷5號,680623,RPPOMLKLLHKFFCA96CA
萬華區,臺北市萬華區西園路二段275號,680622,RPVNMLSKLHKFFBA08CA
松山區,臺北市松山區民生東路五段155號,680521,RPUOMLPLLHKFFDA18DA
士林區,臺北市士林區福國路95號,680503,RPPOMLSKLHKFFEA87CA
中山區,臺北市中山區農安街35號,680412,RPRNMLTKLHKFFCA87CA
中山區,臺北市中山區新生北路二段144號,680323,RPSOMLQLLHKFFCA87CA
士林區,臺北市士林區大北路44號,680219,RPWNMLLJMHKFFEA87DA
中山區,臺北市中山區南京西路18號,680126,RPROMLRLLHKFFCA87CA
中山區,臺北市中山區新生北路二段98號,680119,RPXNMLOKMHKFFCA08CA
北投區,臺北市北投區致遠一路一段46巷43號,671220,RPSNMLOKMHKFFEA77CA
北投區,臺北市北投區懷德街62號,671003,RPVRMLOLLHKFFEA58DA
北投區,臺北市北投區明德路261號,670831,RPUPMLKMLHKFFEA87CA
北投區,臺北市北投區明德路176號,670828,RPRNMLSJMHKFFEA97CA
中山區,臺北市中山區松江路45號,670823,RPRRMLPLLHKFFCA97CA
文山區,臺北市文山區木新路三段232巷5號,670727,RPQNMLQJMHKFFAA27CA
士林區,臺北市士林區光華路26巷10號,670714,RPUOMLOKMHKFFEA18DA
中山區,臺北市中山區北安路568號,670628,RPPOMLRLLHKFFCA67CA
中山區,臺北市中山區長安東路一段30巷4號,670601,RPRQMLOLLHKFFCA87DA
士林區,臺北市士林區德行東路109巷83弄22號,670501,RPQPMLKMLHKFFEA47CA
北投區,臺北市北投區中山路12號,670404,RPXOMLPLLHKFFEA48CA
北投區,臺北市北投區承德路七段32巷3弄17號,670403,RPVNMLNLLHKFFEA97CA
中山區,臺北市中山區新生北路三段36號,670301,RPTPMLKKMHKFFCA47CA
中山區,臺北市中山區新生北路三段55號,670301,RPSRMLRJMHKFFCA18CA
士林區,臺北市士林區芝玉路二段84巷1號,670201,RPVNMLOLLHKFFEA08CA
士林區,臺北市士林區芝玉路二段84巷19號,670201,RPWNMLOLLHKFFEA18CA
北投區,臺北市北投區豐年路二段144號,670201,RPWOMLQKMHKFFEA48CA
中正區,臺北市中正區忠孝西路一段44號,670104,RPROMLPLLHKFFBA57CA
中正區,臺北市中正區忠孝西路一段33號,670104,RPSOMLNLMHKFFBA57CA
中山區,臺北市中山區松江路308號,661208,RPQQMLPKMHKFFCA77CA
北投區,臺北市北投區大同街237號,661121,RPSNMLLJMHKFFEA37CA
中山區,臺北市中山區松江路16號,661102,RPRNMLOLLHKFFCA47CA
北投區,臺北市北投區溫泉路136號,661017,RPRPMLPKMHKFFEA97CA
北投區,臺北市北投區致遠一路二段112巷16號,660915,RPRPMLRLLHKFFEA18CA
中山區,臺北市中山區松江路166號,660902,RPVOMLKMLHKFFCA67CA
中正區,臺北市中正區青島東路16號,660826,RPPNMLTJMHKFFBA57CA
中正區,臺北市中正區青島東路16號,660826,RPQNMLTJMHKFFBA67CA
士林區,臺北市士林區福國路111號,660811,RPSRMLOLLHKFFEA18CA
信義區,臺北市信義區福德街300巷51號,660719,RPOPMLRLLHKFFDA77CA
北投區,臺北市北投區大業路280巷21弄21號,660408,RPWNMLOKMHKFFEA18CA
中正區,臺北市中正區銅山街51號,660309,RPXNMLRKLHKFFBA18CA
北投區,臺北市北投區懷德街98巷21號,651220,RPXOMLRJMHKFFEA58CA
北投區,臺北市北投區石牌路二段90巷11號,651125,RPRNMLRJMHKFFEA87CA
士林區,臺北市士林區天母東路8巷15號,651106,RPUOMLKMLHKFFEA77CA
北投區,臺北市北投區中正街45號,651004,RPWOMLKLMHKFFEA97CA
中山區,臺北市中山區錦州街375號,650915,RPXNMLSKLHKFFCA38CA
北投區,臺北市北投區中和街45號,650914,RPVOMLLMLHKFFEA97CA
中山區,臺北市中山區北安路621巷35號,650913,RPUQMLKLLHKFFCA67CA
中山區,臺北市中山區民權東路三段75巷2弄5號,650827,RPOOMLSKLHKFFCA67DA
萬華區,臺北市萬華區西園路二段372巷35號,650820,RPVNMLKLLHKFFBA37CA
萬華區,臺北市萬華區西園路二段140巷6弄24號,650716,RPQNMLTKLHKFFBA67CA
松山區,臺北市松山區南京東路五段286巷24號,650609,RPUOMLNLLHKFFDA97DA
南港區,臺北市南港區福德街339巷3弄24號,650223,RPSPMLKMLHKFFDA57CA
萬華區,臺北市萬華區德昌街4巷24號,650128,RPUNMLKMLHKFFBA37CA
信義區,臺北市信義區吳興街156巷2弄28號,650127,RPVNMLKLLHKFFDA67DA
中正區,臺北市中正區和平西路一段148號,641224,RPSNMLLMLHKFFAA17CA
中山區,臺北市中山區伊通街28號,641119,RPSOMLSLLHKFFCA18DA
萬華區,臺北市萬華區中華路一段78號,640506,RPTNMLKMLHKFFBA27CA
內湖區,臺北市內湖區大湖街16168號,640428,RPPOMLSJMHKFFCA77DA
松山區,臺北市松山區撫遠街399巷18號,640410,RPPNMLTKLHKFFDA77CA
大同區,臺北市大同區蘭州街48號,640118,RPRNMLNKMHKFFBA27CA
中山區,臺北市中山區農安街48號,631204,RPQOMLPKMHKFFCA57CA
士林區,臺北市士林區忠誠路二段21巷37號,631120,RPXNMLPLLHKFFEA38CA
中正區,臺北市中正區延平南路217號,630912,RPOQMLLMLHKFFAA17DA
萬華區,臺北市萬華區西園路二段277號,630307,RPQNMLLMLHKFFBA07CA
松山區,臺北市松山區三民路102巷7號,630107,RPVOMLRJMHKFFDA28CA
信義區,臺北市信義區基隆路一段337號,621124,RPTOMLLJMHKFFDA47CA
士林區,臺北市士林區承德路四段12號,621115,RPTPMLKLLHKFFEA67CA
中山區,臺北市中山區中山北路二段26巷12號,620815,RPOSMLTJMHKFFCA08CA
中山區,臺北市中山區中山北路二段26巷12號,620815,RPPSMLTJMHKFFCA18CA
北投區,臺北市北投區公館路340巷12號,620322,RPPPMLRJMHKFFEA87CA
文山區,臺北市文山區景華街192巷12號,620309,RPPOMLKMLHKFFAA86CA
北投區,臺北市北投區東華街一段542號,620223,RPOOMLTKLHKFFEA87CA
士林區,臺北市士林區士東路214巷2號,620129,RPWOMLNLLHKFFEA18CA
北投區,臺北市北投區尊賢街245巷2號,611101,RPUPMLMJMHKFFEA87CA
中正區,臺北市中正區忠孝東路一段2號,611028,RPWNMLSKLHKFFBA18CA
大同區,臺北市大同區重慶北路三段25巷2號,610824,RPPOMLRKLHKFFBA47CA
中山區,臺北市中山區錦州街247號,610416,RPTQMLKMLHKFFCA67CA
中山區,臺北市中山區長安東路一段7號,610328,RPXPMLMLMHKFFCA18CA
松山區,臺北市松山區南京東路三段247號,610308,RPXOMLQLLHKFFDA48CA
士林區,臺北市士林區福華路128巷1弄7號,601231,RPTRMLOLLHKFFEA38DA
松山區,臺北市松山區三民路101巷7號,601220,RPTPMLLMLHKFFDA77CA
大安區,臺北市大安區四維路52巷25號,601118,RPXOMLQKMHKFFFA68CA
北投區,臺北市北投區實踐街25號,601105,RPRQMLRKMHKFFEA28CA
大同區,臺北市大同區赤峰街17巷25號,601014,RPWNMLLJMHKFFBA47CA
大安區,臺北市大安區忠孝東路三段217巷2弄25號,600403,RPSOMLRJMHKFFFA18CA
士林區,臺北市士林區通河街323巷25號,591210,RPOOMLMJMHKFFEA17CA
士林區,臺北市士林區通河街325巷15號,591210,RPWPMLLLMHKFFEA18CA
士林區,臺北市士林區通河街323巷75號,591210,RPTNMLMJMHKFFEA57CA
信義區,臺北市信義區松山路525號,591124,RPTOMLOLLHKFFDA87CA
中山區,臺北市中山區松江路46巷15號,591105,RPQRMLKLLHKFFCA37CA
士林區,臺北市士林區重慶北路四段49巷45號,590513,RPVPMLKMLHKFFEA97CA
士林區,臺北市士林區重慶北路四段49巷49號,590513,RPVPMLRLLHKFFEA58CA
士林區,臺北市士林區重慶北路四段49巷40弄49號,590427,RPSPMLMLMHKFFEA87CA
士林區,臺北市士林區華齡街17巷28弄19號,590325,RPXPMLKMLHKFFEA18CA
中山區,臺北市中山區松江路289號,590131,RPPPMLNLLHKFFCA47DA
中正區,臺北市中正區汀州路二段129號,581222,RPPNMLTLLHKFFAA57CA
信義區,臺北市信義區林口街10巷39號,581215,RPSOMLPLLHKFFDA97DA
信義區,臺北市信義區虎林街212巷9號,581114,RPTNMLTKLHKFFDA28DA
中山區,臺北市中山區雙城街28巷9號,580908,RPXNMLPLLHKFFCA18CA
文山區,臺北市文山區木柵路二段28號,580825,RPRPMLLJMHKFFAA07CA
北投區,臺北市北投區大同街118號,580805,RPVPMLSJMHKFFEA58CA
中山區,臺北市中山區民生東路二段115巷28號,580621,RPWQMLLJMHKFFCA87CA
中正區,臺北市中正區新生南路一段132巷28號,580617,RPPOMLKMLHKFFBA07DA
北投區,臺北市北投區民族街54巷28號,580517,RPUNMLPLLHKFFEA08CA
北投區,臺北市北投區永興路二段3號,580215,RPRNMLQLLHKFFEA97DA
大安區,臺北市大安區瑞安街135巷3號,571206,RPQOMLNLLHKFFFA67CA
士林區,臺北市士林區延平北路六段3號,570525,RPQNMLNLLHKFFEA57DA
松山區,臺北市松山區八德路二段437巷1弄3號,570511,RPPNMLRLLHKFFDA67CA
南港區,臺北市南港區重陽路292巷3號,560301,RPPOMLSJMHKFFDA77CA
士林區,臺北市士林區延平北路五段163巷17弄22號,560115,RPQOMLTKLHKFFEA18DA
士林區,臺北市士林區大西路82號,551209,RPSOMLKLLHKFFEA47CA
士林區,臺北市士林區大亨路6巷22號,550726,RPOOMLNKMHKFFEA37CA
士林區,臺北市士林區幸福街5巷22號,531230,RPSPMLKLLHKFFEA57CA
