北投區,臺北市北投區中和街537號,830811,RPOOMLQLLHKFFEA67CA,25.1453594,121.4931152
北投區,臺北市北投區中和街525巷27號,840811,RPUNMLTKLHKFFEA48DA,25.1446794,121.4934753
北投區,臺北市北投區復興二路60巷6號,840321,SPOPMLKMLHKFFEA37CA,25.1444866,121.5038317
北投區,臺北市北投區復興二路60巷16號,840321,RPOPMLKMLHKFFEA27CA,25.1437365,121.5033541
北投區,臺北市北投區泉源路71號,681101,RPOPMLRLLHKFFEA87CA,25.143344,121.518621
北投區,臺北市北投區翠宜路35號,850214,RPVOMLQKMHKFFEA38CA,25.143257,121.505091
北投區,臺北市北投區杏林二路111號,800523,RPOPMLLMLHKFFEA37CA,25.1425943,121.4962368
士林區,臺北市士林區大亨路6巷22號,550726,RPOOMLNKMHKFFEA37CA,25.142265,121.546848
北投區,臺北市北投區杏林二路26號,700615,RPQPMLSJMHKFFEA08CA,25.1420139,121.4982063
北投區,臺北市北投區稻香路161巷13號,930312,RPXPMLSJMHKFFEA78CA,25.1418248,121.48803
北投區,臺北市北投區崗山路8巷19號,961214,RPVNMLRJMHKFFEA28CA,25.1411018,121.4864012
北投區,臺北市北投區崗山路17號,690729,RPVOMLNLLHKFFEA18DA,25.1409847,121.4864955
北投區,臺北市北投區永興路二段3號,580215,RPRNMLQLLHKFFEA97DA,25.139968,121.501156
北投區,臺北市北投區文化三路142號,750312,RPOPMLPLLHKFFEA67CA,25.1398754,121.4985272
北投區,臺北市北投區溫泉路137號,730517,RPPNMLSKLHKFFEA77CA,25.1398469,121.5127831
北投區,臺北市北投區新興路158巷46號,870506,RPTNMLTLLHKFFEA48DA,25.1396026,121.4866436
北投區,臺北市北投區大同街237號,661121,RPSNMLLJMHKFFEA37CA,25.1392209,121.4992869
北投區,臺北市北投區中央北路三段40巷43弄23號,850208,RPQQMLQKLHKFFEA08DA,25.138988,121.4851303
北投區,臺北市北投區中央北路三段10號,740328,RPPOMLTKLHKFFEA97CA,25.1384231,121.4864315
北投區,臺北市北投區中和街52號,690821,RPSOMLNLLHKFFEA77CA,25.1383128,121.5025193
北投區,臺北市北投區中和街45號,650914,RPVOMLLMLHKFFEA97CA,25.138261,121.502439
北投區,臺北市北投區文化三路23號,840110,RPWQMLLMLHKFFEA28CA,25.1380248,121.4976153
北投區,臺北市北投區幽雅路18號,980205,RPRPMLKLLHKFFEA47CA,25.1375847,121.5135554
北投區,臺北市北投區幽雅路23號,980205,RPTOMLTKLHKFFEA38CA,25.1373509,121.5145621
士林區,臺北市士林區光華路26巷10號,670714,RPUOMLOKMHKFFEA18DA,25.1373124,121.5416346
北投區,臺北市北投區中山路12號,670404,RPXOMLPLLHKFFEA48CA,25.1372659,121.504974
北投區,臺北市北投區溫泉路136號,661017,RPRPMLPKMHKFFEA97CA,25.137177,121.511384
北投區,臺北市北投區豐年路二段144號,670201,RPWOMLQKMHKFFEA48CA,25.1369423,121.4934348
北投區,臺北市北投區光明路8號,961119,RPPRMLOLLHKFFEA87CA,25.136211,121.504716
北投區,臺北市北投區光明路197號,940322,RPUOMLMJMHKFFEA77CA,25.1360533,121.5035075
北投區,臺北市北投區光明路202號,940322,RPVQMLLMLHKFFEA28DA,25.1359214,121.5036825
北投區,臺北市北投區育仁路122號,700623,RPWOMLKLLHKFFEA87CA,25.1356296,121.5000408
北投區,臺北市北投區大同街118號,580805,RPVPMLSJMHKFFEA58CA,25.13469,121.498565
北投區,臺北市北投區溫泉路37巷26號,941111,RPPNMLRLLHKFFEA77CA,25.1346149,121.5028868
北投區,臺北市北投區溫泉路37巷2號,941111,RPQPMLNLLHKFFEA67CA,25.1338489,121.5025331
北投區,臺北市北投區溫泉路37巷7號,941111,RPXNMLKKMHKFFEA87CA,25.133836,121.502745
北投區,臺北市北投區行義路186巷21號,780131,RPWNMLMJMHKFFEA87CA,25.13292,121.529587
北投區,臺北市北投區民族街54巷28號,580517,RPUNMLPLLHKFFEA08CA,25.132722,121.50568
北投區,臺北市北投區中正街45號,651004,RPWOMLKLMHKFFEA97CA,25.132051,121.500427
北投區,臺北市北投區行義路186巷26弄22號,750116,RPVOMLRLLHKFFEA48CA,25.1317643,121.5294316
北投區,臺北市北投區中央北路四段287號,710824,RPUPMLRLLHKFFEA48CA,25.1313008,121.4735117
北投區,臺北市北投區奇岩路64號,691113,RPPPMLKLLHKFFEA27CA,25.1302122,121.5063093
北投區,臺北市北投區行義路125號,701120,RPSNMLTLLHKFFEA38DA,25.128668,121.528526
北投區,臺北市北投區中山北路七段219巷3弄149號,731027,RPXNMLRJMHKFFEA48CA,25.1283811,121.5304375
北投區,臺北市北投區大業路280巷21弄21號,660408,RPWNMLOKMHKFFEA18CA,25.127883,121.4994744
北投區,臺北市北投區公館路209巷26號,1031230,RPROMLKMLHKFFEA47CA,25.1274916,121.5080692
北投區,臺北市北投區中山北路七段219巷3弄35號,730920,RPRNMLSKLHKFFEA08DA,25.127049,121.530484
北投區,臺北市北投區三合街一段64號,1031119,RPPOMLRKMHKFFEA87CA,25.1269699,121.5054338
北投區,臺北市北投區三合街一段82號,1031119,RPQOMLRKMHKFFEA97CA,25.1269699,121.5054338
北投區,臺北市北投區三合街一段87號,1031119,RPROMLRKMHKFFEA08CA,25.1269699,121.5054338
北投區,臺北市北投區三合街一段77號,1031119,RPSOMLRKMHKFFEA18CA,25.1269699,121.5054338
北投區,臺北市北投區三合街一段66號,1031119,RPUOMLRKMHKFFEA38CA,25.1269699,121.5054338
北投區,臺北市北投區三合街一段66號,1031119,RPVOMLRKMHKFFEA48CA,25.1269699,121.5054338
北投區,臺北市北投區三合街一段66號,1031119,RPXOMLRKMHKFFEA68CA,25.1269699,121.5054338
北投區,臺北市北投區三合街一段66號,1031119,RPPPMLRKMHKFFEA97CA,25.1269699,121.5054338
北投區,臺北市北投區三合街一段71號,1031119,RPRPMLRKMHKFFEA18CA,25.1269699,121.5054338
北投區,臺北市北投區三合街一段61號,1031119,RPSPMLRKMHKFFEA28CA,25.1269699,121.5054338
北投區,臺北市北投區三合街一段79號,1031119,RPTPMLRKMHKFFEA38CA,25.1269699,121.5054338
北投區,臺北市北投區三合街一段84號,1031119,RPUPMLRKMHKFFEA48CA,25.1269699,121.5054338
北投區,臺北市北投區三合街一段84號,1031119,RPRNMLMLMHKFFEA57CA,25.1269699,121.5054338
北投區,臺北市北投區三合街一段84號,1031119,RPSNMLMLMHKFFEA67CA,25.1269699,121.5054338
北投區,臺北市北投區三合街一段73號,1031119,RPTNMLMLMHKFFEA77CA,25.1269699,121.5054338
北投區,臺北市北投區三合街一段78號,1031119,RPVNMLMLMHKFFEA97CA,25.1269699,121.5054338
北投區,臺北市北投區三合街一段68號,1031119,RPWNMLMLMHKFFEA08CA,25.1269699,121.5054338
北投區,臺北市北投區三合街一段86號,1031119,RPXNMLMLMHKFFEA18CA,25.1269699,121.5054338
北投區,臺北市北投區三合街一段62號,1031119,RPOOMLMLMHKFFEA37CA,25.1269699,121.5054338
士林區,臺北市士林區中山北路七段220巷9號,750619,RPWPMLKLLHKFFEA08DA,25.126646,121.533705
北投區,臺北市北投區大度路三段270巷67號,1010217,RPORMLLMLHKFFEA57CA,25.1252485,121.4677381
北投區,臺北市北投區中央南路二段26號,970523,RPROMLSKLHKFFEA08CA,25.1251803,121.5003753
北投區,臺北市北投區行義路16號,1020403,RPQPMLKLMHKFFEA47CA,25.1247578,121.5262774
北投區,臺北市北投區公館路209巷2號,1031230,RPOOMLNLLHKFFEA37CA,25.1244825,121.5065279
北投區,臺北市北投區同德街40巷29號,731022,RPXOMLTKLHKFFEA78CA,25.124431,121.5278436
北投區,臺北市北投區同德街55號,730619,RPSNMLRKLHKFFEA97CA,25.1242366,121.5285079
北投區,臺北市北投區天母北路105巷15弄3號,840629,RPWPMLRLLHKFFEA68CA,25.1240786,121.527638
北投區,臺北市北投區公館路340巷12號,620322,RPPPMLRJMHKFFEA87CA,25.1239296,121.5048821
北投區,臺北市北投區大度路三段270巷78號,1010217,RPWNMLRLLHKFFEA58DA,25.1226109,121.4695203
北投區,臺北市北投區大度路三段270巷83號,1010217,RPSNMLRLLHKFFEA18DA,25.1226109,121.4695203
北投區,臺北市北投區大度路三段270巷73號,1010217,RPSNMLQJMHKFFEA87CA,25.1226109,121.4695203
北投區,臺北市北投區大度路三段270巷77號,1010217,RPTNMLSLLHKFFEA28CA,25.1226109,121.4695203
北投區,臺北市北投區知行路292巷14弄10號,700930,RPQNMLQJMHKFFEA77DA,25.1213211,121.4686822
士林區,臺北市士林區中山北路七段74號,1030811,RPPQMLRLLHKFFEA08CA,25.1212081,121.5316
北投區,臺北市北投區知行路245巷1號,680705,RPWOMLRLLHKFFEA58CA,25.1206092,121.4669043
士林區,臺北市士林區中山北路七段52號,730427,RPTOMLPLMHKFFEA18CA,25.1204705,121.5314033
北投區,臺北市北投區立農街一段257巷10弄4號,691002,RPPOMLKKMHKFFEA17CA,25.1199204,121.5057518
士林區,臺北市士林區中山北路七段35巷1號,780609,RPRPMLLMLHKFFEA67CA,25.119686,121.530352
士林區,臺北市士林區天母東路69巷9號,750806,RPPOMLLMLHKFFEA37CA,25.1190302,121.5341304
北投區,臺北市北投區吉利街123巷9號,850925,RPVNMLRKLHKFFEA28CA,25.118917,121.5064367
北投區,臺北市北投區立農街二段205號,851106,RPUOMLLJMHKFFEA67CA,25.1188823,121.5142775
北投區,臺北市北投區立農街二段186號,851106,RPQOMLNLLHKFFEA57CA,25.1188491,121.5142736
北投區,臺北市北投區吉利街232號,690926,RPPQMLQKLHKFFEA97DA,25.1187744,121.5094134
北投區,臺北市北投區立農街二段202巷3弄1號,830426,RPSNMLKKMHKFFEA37CA,25.1184201,121.5141461
北投區,臺北市北投區吉利街127巷22號,971111,RPURMLOLLHKFFEA48DA,25.1180966,121.5049855
北投區,臺北市北投區尊賢街290號,1031230,RPXPMLKLMHKFFEA18CA,25.1177925,121.506914
士林區,臺北市士林區天母西路50巷23號,760817,RPQQMLRLLHKFFEA28DA,25.117711,121.524871
士林區,臺北市士林區天母東路8巷15號,651106,RPUOMLKMLHKFFEA77CA,25.1174606,121.5317932
北投區,臺北市北投區尊賢街245巷2號,611101,RPUPMLMJMHKFFEA87CA,25.1172998,121.5068925
北投區,臺北市北投區石牌路二段90巷11號,651125,RPRNMLRJMHKFFEA87CA,25.1172319,121.5164411
士林區,臺北市士林區天母東路8巷30弄13號,721210,RPVOMLLJMHKFFEA77CA,25.1168319,121.5312409
北投區,臺北市北投區尊賢街218巷6號,740507,RPTOMLNLLHKFFEA87CA,25.1156334,121.5082728
北投區,臺北市北投區公□路231巷24號,1021119,RPPNMLLJMHKFFEA07CA,25.1151759,121.515018
北投區,臺北市北投區實踐街25號,601105,RPRQMLRKMHKFFEA28CA,25.1151047,121.5082363
北投區,臺北市北投區東華街一段542號,620223,RPOOMLTKLHKFFEA87CA,25.1148285,121.5157126
北投區,臺北市北投區西安街一段196號,1010320,RPWPMLSJMHKFFEA68CA,25.1147408,121.5151208
北投區,臺北市北投區懷德街98巷21號,651220,RPXOMLRJMHKFFEA58CA,25.1147178,121.5210581
北投區,臺北市北投區致遠二路61巷29號,731115,RPSQMLRLLHKFFEA48DA,25.1147133,121.5108787
北投區,臺北市北投區裕民六路4號,840828,RPPOMLQLLHKFFEA77CA,25.114675,121.518341
北投區,臺北市北投區明德路261號,670831,RPUPMLKMLHKFFEA87CA,25.1141229,121.522016
北投區,臺北市北投區石牌路一段39巷131弄20號,1030508,RPROMLTKLHKFFEA18CA,25.1140548,121.5100368
北投區,臺北市北投區致遠一路二段112巷16號,660915,RPRPMLRLLHKFFEA18CA,25.1136764,121.5136408
士林區,臺北市士林區士東路276號,971014,RPRPMLPLLHKFFEA97CA,25.113251,121.536924
北投區,臺北市北投區懷德街62號,671003,RPVRMLOLLHKFFEA58DA,25.1130545,121.519721
士林區,臺北市士林區忠誠路二段117號,741205,RPVPMLMJMHKFFEA97CA,25.1128467,121.5312175
士林區,臺北市士林區士東路214巷2號,620129,RPWOMLNLLHKFFEA18CA,25.112503,121.534065
士林區,臺北市士林區芝玉路二段84巷19號,670201,RPWNMLOLLHKFFEA18CA,25.1123753,121.535826
士林區,臺北市士林區芝玉路二段84巷1號,670201,RPVNMLOLLHKFFEA08CA,25.1123649,121.5354008
士林區,臺北市士林區士東路286巷3弄29號,731013,RPUOMLNLLHKFFEA97CA,25.1121059,121.537596
北投區,臺北市北投區承德路七段32巷3弄17號,670403,RPVNMLNLLHKFFEA97CA,25.1118545,121.5106875
士林區,臺北市士林區士東路266巷16弄5號,730912,RPXOMLKLLHKFFEA97CA,25.1115144,121.5363801
北投區,臺北市北投區明德路176號,670828,RPRNMLSJMHKFFEA97CA,25.1112943,121.5213106
士林區,臺北市士林區德行東路109巷102弄2號,730629,RPVNMLLJMHKFFEA67CA,25.1108263,121.528896
北投區,臺北市北投區自強街120巷15弄29號,740118,RPSOMLKLMHKFFEA57CA,25.110816,121.516982
北投區,臺北市北投區明德路150巷2號,980114,RPOQMLKLLHKFFEA27CA,25.110459,121.5208424
士林區,臺北市士林區德行東路109巷83弄22號,670501,RPQPMLKMLHKFFEA47CA,25.1103937,121.5281283
北投區,臺北市北投區文林北路299號,850228,RPQOMLRJMHKFFEA87CA,25.1103647,121.5117404
北投區,臺北市北投區致遠一路一段46巷43號,671220,RPSNMLOKMHKFFEA77CA,25.110363,121.517791
士林區,臺北市士林區忠誠路二段21巷37號,631120,RPXNMLPLLHKFFEA38CA,25.1098262,121.5324586
士林區,臺北市士林區德行東路113號,1011123,RPTOMLPLLHKFFEA08CA,25.1079227,121.5285612
士林區,臺北市士林區德行東路118號,1011123,RPTPMLPKMHKFFEA18CA,25.1077684,121.5289444
士林區,臺北市士林區忠誠路一段171巷10弄18號,810930,RPWOMLSKLHKFFEA58CA,25.1065804,121.5306357
士林區,臺北市士林區德行西路32號,970502,RPSQMLLMLHKFFEA87CA,25.1056559,121.5232729
士林區,臺北市士林區忠義街45號,730615,RPTPMLKMLHKFFEA77CA,25.1054348,121.5300623
士林區,臺北市士林區福華路154號,730529,RPTOMLLMLHKFFEA77CA,25.1035846,121.5227254
士林區,臺北市士林區福華路128巷1弄7號,601231,RPTRMLOLLHKFFEA38DA,25.1031785,121.5228928
士林區,臺北市士林區雨聲街53巷22號,750311,RPQNMLRKLHKFFEA77CA,25.1024156,121.5282485
士林區,臺北市士林區福國路111號,660811,RPSRMLOLLHKFFEA18CA,25.10196,121.524839
士林區,臺北市士林區福國路95號,680503,RPPOMLSKLHKFFEA87CA,25.1017248,121.522165
士林區,臺北市士林區中山北路五段829巷55號,1030411,RPWNMLSKLHKFFEA48CA,25.1012454,121.5235395
士林區,臺北市士林區中山北路五段813號,721122,RPTNMLSJMHKFFEA18CA,25.1012316,121.5259717
士林區,臺北市士林區福志路14巷7弄22號,750214,RPTQMLLMLHKFFEA08DA,25.0991836,121.5310569
士林區,臺北市士林區福志路91號,680630,RPSPMLQKMHKFFEA18CA,25.0985703,121.528573
內湖區,臺北市內湖區大湖街16168號,640428,RPPOMLSJMHKFFCA77DA,25.098436,121.6048279
士林區,臺北市士林區後街21巷13號,850115,RPQOMLMJMHKFFEA37CA,25.098394,121.524762
士林區,臺北市士林區至善路二段99號,750902,RPOOMLRJMHKFFEA67CA,25.098235,121.546137
士林區,臺北市士林區中山北路五段756巷19號,910109,RPTNMLSKLHKFFEA18CA,25.097549,121.528391
士林區,臺北市士林區雨農路21巷15弄26號,730809,RPQNMLMJMHKFFEA37DA,25.0971457,121.5317747
士林區,臺北市士林區幸福街5巷22號,531230,RPSPMLKLLHKFFEA57CA,25.0971093,121.5282618
士林區,臺北市士林區延平北路六段3號,570525,RPQNMLNLLHKFFEA57DA,25.093737,121.4982689
士林區,臺北市士林區福德路31巷14號,1010112,RPPPMLRLLHKFFEA97CA,25.0923249,121.5257898
士林區,臺北市士林區福德路31巷20號,1010112,RPRPMLTKLHKFFEA28CA,25.0923039,121.5255032
士林區,臺北市士林區福德路31巷9號,1010112,RPWPMLKMLHKFFEA08CA,25.0922815,121.5258907
士林區,臺北市士林區大西路82號,551209,RPSOMLKLLHKFFEA47CA,25.0917559,121.524915
士林區,臺北市士林區延平北路六段258巷36弄21號,690426,RPOPMLTKLHKFFEA97CA,25.0907628,121.5044042
士林區,臺北市士林區承德路四段316號,740723,RPVOMLKMLHKFFEA87CA,25.0903923,121.5174646
士林區,臺北市士林區永倫里延平北路六段258巷36弄22號,690920,RPTNMLOLLHKFFEA87CA,25.0902385,121.5038628
士林區,臺北市士林區大北路44號,680219,RPWNMLLJMHKFFEA87DA,25.0899537,121.5259242
士林區,臺北市士林區延平北路六段365號,950215,RPWNMLPLLHKFFEA28CA,25.0899069,121.5016843
士林區,臺北市士林區承德路四段312號,1011109,RPPOMLLJMHKFFEA17CA,25.0897235,121.5182226
內湖區,臺北市內湖區金龍路241號,851115,RPWNMLKLLHKFFCA67DA,25.088912,121.587308
內湖區,臺北市內湖區金龍路233號,810822,RPPPMLLLMHKFFCA27CA,25.088671,121.586806
內湖區,臺北市內湖區內湖路三段72巷77號,830729,RPRPMLTKLHKFFCA18DA,25.0883554,121.5909947
內湖區,臺北市內湖區大湖山莊街236號,820729,RPVNMLKLMHKFFCA57CA,25.0882109,121.5989614
內湖區,臺北市內湖區內湖路一段47巷22弄8號,821115,RPQNMLSJMHKFFCA67CA,25.0881626,121.5589345
內湖區,臺北市內湖區金龍路222巷19號,821213,RPWPMLLJMHKFFCA77CA,25.0881396,121.5854404
內湖區,臺北市內湖區文湖街21巷17弄10號,770202,RPWOMLRLLHKFFCA38CA,25.087848,121.559799
內湖區,臺北市內湖區大湖山莊街176巷3號,971127,RPRQMLKLLHKFFCA37CA,25.0878051,121.5993271
士林區,臺北市士林區社子街56號,860703,RPUNMLNLLHKFFEA87CA,25.0873962,121.5071269
士林區,臺北市士林區中正路604號,691029,RPUOMLLLMHKFFEA87CA,25.0870151,121.5095884
內湖區,臺北市內湖區文湖街81巷43號,1020802,RPVNMLLJMHKFFCA47CA,25.0867279,121.564058
士林區,臺北市士林區基河路7號,871211,RPOOMLRKLHKFFEA77DA,25.0865812,121.5249043
內湖區,臺北市內湖區內湖路一段1巷9弄43號,790621,RPUOMLNLLHKFFCA77CA,25.0865046,121.557614
內湖區,臺北市內湖區內湖路一段91巷32號,921205,RPQQMLLJMHKFFCA27CA,25.0855279,121.5621413
內湖區,臺北市內湖區內湖路一段285巷69弄118號,720331,RPSPMLOLLHKFFCA77CA,25.085268,121.5694416
士林區,臺北市士林區延平北路五段285巷58號,720211,RPQOMLLJMHKFFEA27CA,25.0851544,121.5076402
士林區,臺北市士林區環河北路三段114號,930518,RPUPMLKLLHKFFEA87DA,25.0848853,121.5061959
士林區,臺北市士林區前港街120巷9號,700314,RPSOMLPLLHKFFEA08DA,25.0847988,121.5179978
內湖區,臺北市內湖區內湖路二段419號,840125,RPOPMLKLMHKFFCA07CA,25.0847915,121.5936747
內湖區,臺北市內湖區內湖路二段499號,840112,RPQPMLKKMHKFFCA17CA,25.0847915,121.5936747
內湖區,臺北市內湖區環山路二段53巷5弄24號,970804,RPOQMLLMLHKFFCA37DA,25.0847544,121.5742867
士林區,臺北市士林區福港街251號,690110,RPRNMLRKLHKFFEA87CA,25.0839922,121.5177059
士林區,臺北市士林區福港街262巷11號,690126,RPSPMLLMLHKFFEA77CA,25.0838287,121.5169328
內湖區,臺北市內湖區港華街119號,1000610,RPORMLTKLHKFFCA97CA,25.0837121,121.572747
內湖區,臺北市內湖區內湖路一段411巷62弄9號,970331,RPORMLPLLHKFFCA67CA,25.0836435,121.5711871
中山區,臺北市中山區通北街65巷2弄22號,870508,RPOQMLQLLHKFFCA67CA,25.0835758,121.5380329
內湖區,臺北市內湖區港華街93號,1010515,RPPNMLTJMHKFFCA67CA,25.0835161,121.5739843
內湖區,臺北市內湖區內湖路一段217巷7號,721117,RPOQMLSKLHKFFCA77CA,25.0834858,121.5644364
內湖區,臺北市內湖區內湖路一段72號,781211,RPQNMLPKMHKFFCA57DA,25.0834808,121.5623356
士林區,臺北市士林區華齡街17巷28弄19號,590325,RPXPMLKMLHKFFEA18CA,25.0833007,121.5181194
中山區,臺北市中山區北安路621巷35號,650913,RPUQMLKLLHKFFCA67CA,25.083094,121.547304
內湖區,臺北市內湖區成功路四段122號,780214,RPXOMLOLLHKFFCA18CA,25.0828481,121.593158
士林區,臺北市士林區延平北路五段163巷17弄22號,560115,RPQOMLTKLHKFFEA18DA,25.0827937,121.5093728
中山區,臺北市中山區明水路631號,960503,RPRQMLLJMHKFFCA37CA,25.0827663,121.5512045
中山區,臺北市中山區樂群三路44號,971224,RPPRMLKLLHKFFCA27CA,25.082666,121.5526443
內湖區,臺北市內湖區成功路四段167巷29號,840128,RPRRMLLJMHKFFCA47CA,25.0826553,121.5953109
中山區,臺北市中山區敬業二路69巷59號,961218,RPSOMLLJMHKFFCA27CA,25.082201,121.5532698
內湖區,臺北市內湖區麗山街348巷7號,710615,RPUNMLOLLHKFFCA77CA,25.0820275,121.5732371
內湖區,臺北市內湖區金湖路68號,961030,RPPRMLLJMHKFFCA27CA,25.0820147,121.597115
中山區,臺北市中山區敬業二路69巷27號,990430,RPRQMLNLLHKFFCA67CA,25.0819362,121.5535798
內湖區,臺北市內湖區成功路四段30巷7號,830701,RPROMLLMLHKFFCA47DA,25.081849,121.59138
士林區,臺北市士林區通河街325巷15號,591210,RPWPMLLLMHKFFEA18CA,25.0817148,121.5183672
士林區,臺北市士林區通河街323巷25號,591210,RPOOMLMJMHKFFEA17CA,25.0817084,121.519095
士林區,臺北市士林區通河街323巷75號,591210,RPTNMLMJMHKFFEA57CA,25.0817084,121.519095
中山區,臺北市中山區大直街34巷14號,750414,RPRPMLLJMHKFFCA27CA,25.0815891,121.5457657
士林區,臺北市士林區重慶北路四段49巷45號,590513,RPVPMLKMLHKFFEA97CA,25.0811173,121.5109876
士林區,臺北市士林區重慶北路四段49巷49號,590513,RPVPMLRLLHKFFEA58CA,25.0811148,121.5109068
士林區,臺北市士林區重慶北路四段49巷40弄49號,590427,RPSPMLMLMHKFFEA87CA,25.0811148,121.5109068
內湖區,臺北市內湖區內湖路一段629巷33弄27號,701229,RPQNMLLLLHKFFCA17DA,25.0808366,121.5746472
中山區,臺北市中山區北安路568號,670628,RPPOMLRLLHKFFCA67CA,25.080736,121.548546
中山區,臺北市中山區北安路578巷8弄8號,861020,RPWPMLRLLHKFFCA48CA,25.080686,121.549533
中山區,臺北市中山區北安路578巷8弄18號,861020,RPPNMLLMLHKFFCA07CA,25.0805575,121.5503124
內湖區,臺北市內湖區星雲街210巷12號,910620,RPUQMLQLLHKFFCA28CA,25.0803921,121.597568
中山區,臺北市中山區敬業一路36巷2號,990430,RPOOMLOLLHKFFCA27CA,25.0803916,121.5530825
內湖區,臺北市內湖區星雲街150巷14號,840829,RPSRMLPLLHKFFCA18DA,25.0802449,121.596072
內湖區,臺北市內湖區內湖路一段670號,991123,RPPPMLOLLHKFFCA47CA,25.0800251,121.5756164
士林區,臺北市士林區承德路四段12號,621115,RPTPMLKLLHKFFEA67CA,25.0799173,121.5217866
內湖區,臺北市內湖區內湖路一段707號,1001028,RPUPMLQLLHKFFCA18CA,25.0792021,121.5776553
內湖區,臺北市內湖區內湖路二段39號,730526,RPSNMLSKLHKFFCA87CA,25.0791556,121.5806739
內湖區,臺北市內湖區康寧路一段160號,850430,RPQPMLOKMHKFFCA57CA,25.0789863,121.5944567
內湖區,臺北市內湖區文德路225號,871126,RPPNMLTKLHKFFCA77DA,25.0789372,121.587202
內湖區,臺北市內湖區文德路73號,970729,RPOQMLNLLHKFFCA37CA,25.0788029,121.58221
內湖區,臺北市內湖區康寧路一段214巷3號,750319,RPROMLKLLHKFFCA27DA,25.078164,121.595378
中山區,臺北市中山區敬業三路162巷158號,890628,RPPQMLLJMHKFFCA17CA,25.078138,121.559956
中山區,臺北市中山區樂群二路116巷50號,1031215,RPSNMLOKMHKFFCA57CA,25.0777782,121.5618067
中山區,臺北市中山區樂群二路116巷54號,1031215,RPTNMLOKMHKFFCA67CA,25.0777782,121.5618067
內湖區,臺北市內湖區安泰街114巷6號,1021128,RPVNMLOKMHKFFCA87CA,25.0773663,121.6162266
內湖區,臺北市內湖區安泰街114巷16號,1021128,RPUNMLOKMHKFFCA77CA,25.0773368,121.615998
內湖區,臺北市內湖區文德路90巷49號,861125,RPQOMLTKLHKFFCA97DA,25.077219,121.5827269
內湖區,臺北市內湖區瑞光路323號,911028,SPQPMLSJMHKFFCA08DA,25.0771367,121.5733611
內湖區,臺北市內湖區安泰街108號,970619,RPVOMLTKLHKFFCA38CA,25.0769612,121.6162364
內湖區,臺北市內湖區文德路66巷32弄6號,730207,RPPNMLMLLHKFFCA07CA,25.076729,121.581179
內湖區,臺北市內湖區瑞光路304號,911028,RPQPMLSJMHKFFCA97DA,25.076712,121.5742236
內湖區,臺北市內湖區陽光街92巷24弄17號,711023,RPOPMLLLMHKFFCA17CA,25.0761554,121.5860449
內湖區,臺北市內湖區陽光街92巷7弄4號,720725,RPQNMLQLLHKFFCA57CA,25.0756637,121.5850376
內湖區,臺北市內湖區陽光街88號,711224,RPSNMLMJMHKFFCA37DA,25.075385,121.5857752
內湖區,臺北市內湖區瑞光路225號,831108,RPPOMLKMLHKFFCA07CA,25.0741765,121.578698
內湖區,臺北市內湖區金湖路347巷121弄23號,941219,RPTNMLMJMHKFFCA47DA,25.0739004,121.5976658
內湖區,臺北市內湖區康寧路三段99巷39弄22號,840508,RPRPMLOKMHKFFCA67CA,25.073616,121.6102823
內湖區,臺北市內湖區瑞湖街110號,970417,RPPNMLOLLHKFFCA27CA,25.0732033,121.5760197
內湖區,臺北市內湖區陽光街365巷37號,910502,RPOPMLNLLHKFFCA27CA,25.0728557,121.5771703
內湖區,臺北市內湖區康樂街136巷3弄29號,870122,RPWPMLKLLHKFFCA77CA,25.0728352,121.6175729
內湖區,臺北市內湖區金湖路401巷11號,881202,RPOPMLKMLHKFFCA07CA,25.072827,121.603249
內湖區,臺北市內湖區民權東路六段295號,751106,RPUPMLLLMHKFFCA77CA,25.0726529,121.6053249
內湖區,臺北市內湖區東湖路113巷94號,800729,RPRNMLNLLHKFFCA47DA,25.0723237,121.6166085
內湖區,臺北市內湖區民權東路六段455號,970916,RPUPMLKLLHKFFCA57CA,25.0720226,121.6045587
內湖區,臺北市內湖區康寧路三段189巷21弄26號,1020506,RPQOMLSLLHKFFCA97DA,25.0714016,121.6123195
內湖區,臺北市內湖區東湖路113巷49弄112號,750124,RPQNMLMJMHKFFCA07CA,25.0709876,121.615261
內湖區,臺北市內湖區康樂街136巷18弄33號,1020625,RPRRMLRJMHKFFCA08CA,25.0707336,121.6183295
大同區,臺北市大同區環河北路二段277號,960606,RPROMLQLLHKFFBA67CA,25.0704487,121.5094492
內湖區,臺北市內湖區瑞光路76巷43號,861030,RPXOMLRLLHKFFCA48CA,25.0703,121.580926
大同區,臺北市大同區酒泉街10巷26號,1010403,RPPNMLQLLHKFFBA37CA,25.0698603,121.519719
內湖區,臺北市內湖區民權東路六段139號,980106,RPUNMLQJMHKFFCA87CA,25.0697839,121.6093717
內湖區,臺北市內湖區民權東路六段137號,960621,RPUOMLRLLHKFFCA28DA,25.0697839,121.6093717
內湖區,臺北市內湖區瑞光路24號,901018,RPROMLSLLHKFFCA08DA,25.0696275,121.5834523
內湖區,臺北市內湖區民權東路六段280巷155弄14號,821231,RPQNMLNJMHKFFCA17CA,25.0688427,121.6080328
內湖區,臺北市內湖區康樂街61巷12弄22號,741230,RPPNMLSJMHKFFCA57CA,25.0687565,121.6186861
內湖區,臺北市內湖區康寧路三段70巷4號,940811,RPSPMLLMLHKFFCA67DA,25.0685889,121.6099695
中山區,臺北市中山區德惠街193巷29號,800419,RPOPMLQLLHKFFCA57CA,25.067854,121.532692
內湖區,臺北市內湖區民權東路六段218巷42號,1031003,RPOQMLOLLHKFFCA47CA,25.067733,121.5816817
內湖區,臺北市內湖區康寧路三段70巷83號,960710,RPUQMLLJMHKFFCA77DA,25.067455,121.609941
內湖區,臺北市內湖區民權東路六段218巷36號,1031003,RPXQMLPLLHKFFCA48CA,25.0672842,121.5808168
內湖區,臺北市內湖區民權東路六段218巷32號,1031003,RPWQMLPLLHKFFCA38CA,25.067066,121.58033
內湖區,臺北市內湖區民權東路六段180巷152號,1000221,RPOQMLKLLHKFFCA07CA,25.0667401,121.5926443
內湖區,臺北市內湖區民權東路六段180巷141號,1000221,RPPPMLMJMHKFFCA17CA,25.0667401,121.5926443
中山區,臺北市中山區德惠街55號,710227,RPPQMLKMLHKFFCA27CA,25.0667095,121.5272179
中山區,臺北市中山區龍江路421號,680910,RPXNMLLJMHKFFCA67CA,25.0665777,121.5411094
中山區,臺北市中山區德惠街50號,710227,RPUQMLRLLHKFFCA38CA,25.0665397,121.5270744
中山區,臺北市中山區新生北路三段72號,760126,RPSNMLRKMHKFFCA87CA,25.0663371,121.5273819
中山區,臺北市中山區新生北路三段68巷10號,740316,RPQNMLSLLHKFFCA87DA,25.0660996,121.52711
中山區,臺北市中山區雙城街28巷9號,580908,RPXNMLPLLHKFFCA18CA,25.0658584,121.5238332
大同區,臺北市大同區重慶北路三段70號,920328,RPVOMLLMLHKFFBA67CA,25.0658264,121.5134233
大同區,臺北市大同區承德路三段51巷17號,711104,RPTNMLPLLHKFFBA67CA,25.065574,121.5189889
中山區,臺北市中山區中山北路三段29號,1031203,RPSSMLTJMHKFFCA48CA,25.0655645,121.5225671
松山區,臺北市松山區撫遠街399巷18號,640410,RPPNMLTKLHKFFDA77CA,25.0654753,121.5667159
中山區,臺北市中山區雙城街19巷17號,970312,RPSQMLLMLHKFFCA67CA,25.0654647,121.5249301
中山區,臺北市中山區新生北路三段56巷11號,981021,RPUPMLKMLHKFFCA67CA,25.0653939,121.5263413
中山區,臺北市中山區雙城街19巷28號,970312,RPPPMLTKLHKFFCA87CA,25.0653794,121.5256754
中山區,臺北市中山區新生北路三段55號,670301,RPSRMLRJMHKFFCA18CA,25.0653484,121.5285873
中山區,臺北市中山區中山北路三段24號,1031203,RPUSMLTJMHKFFCA68CA,25.0650539,121.522768
中山區,臺北市中山區農安街1號,931117,RPRPMLNLLHKFFCA67DA,25.0649908,121.5244228
中山區,臺北市中山區農安街35號,680412,RPRNMLTKLHKFFCA87CA,25.0649831,121.5252548
中山區,臺北市中山區農安街6號,931117,RPQPMLLJMHKFFCA17CA,25.0649351,121.5232461
中山區,臺北市中山區農安街137號,711123,RPUPMLOLLHKFFCA97CA,25.0649288,121.5305855
中山區,臺北市中山區農安街28號,980622,RPQPMLOLLHKFFCA67DA,25.0648873,121.525901
內湖區,臺北市內湖區民權東路六段129號,980106,RPRVMLPLLHKFFCA38CA,25.064857,121.572976
內湖區,臺北市內湖區新湖三路184號,1011128,RPQNMLTKLHKFFCA77CA,25.0647811,121.5792309
中山區,臺北市中山區吉林路7號,1030530,RPUOMLRJMHKFFCA08CA,25.0647547,121.5301976
大同區,臺北市大同區重慶北路三段25巷2號,610824,RPPOMLRKLHKFFBA47CA,25.0647499,121.514079
中山區,臺北市中山區農安街48號,631204,RPQOMLPKMHKFFCA57CA,25.0647416,121.5281316
內湖區,臺北市內湖區行善路417巷41號,1001012,RPXPMLKMLHKFFCA97CA,25.0647181,121.5861632
內湖區,臺北市內湖區新湖一路341號,971002,RPOOMLLMLHKFFCA07CA,25.0646492,121.5846095
中山區,臺北市中山區新生北路三段29號,700703,RPQNMLLJMHKFFCA96CA,25.064598,121.5280594
中山區,臺北市中山區雙城街10巷6號,870430,RPXNMLOLLHKFFCA08CA,25.0641106,121.5243734
中山區,臺北市中山區新生北路三段36號,670301,RPTPMLKKMHKFFCA47CA,25.063972,121.5274404
大同區,臺北市大同區蘭州街48號,640118,RPRNMLNKMHKFFBA27CA,25.0639634,121.5150266
中山區,臺北市中山區撫順街9號,840823,RPROMLRJMHKFFCA87DA,25.063796,121.521396
中山區,臺北市中山區撫順街24號,1000630,RPORMLKLMHKFFCA27CA,25.0634315,121.5201735
中山區,臺北市中山區復興北路430巷44號,700313,RPOPMLRLLHKFFCA67CA,25.0633674,121.5425352
中山區,臺北市中山區新生北路三段18號,700703,RPRNMLLJMHKFFCA07CA,25.0631866,121.5274422
大同區,臺北市大同區民權西路103號,1000330,RPUOMLNLLHKFFBA67CA,25.0630961,121.5179428
中山區,臺北市中山區民權東路三段75巷2弄5號,650827,RPOOMLSKLHKFFCA67DA,25.0629973,121.5434378
大同區,臺北市大同區迪化街一段335號,1000701,RPRNMLKLMHKFFBA07CA,25.0626571,121.5093204
中山區,臺北市中山區中山北路二段148號,1031222,RPWOMLRJMHKFFCA28CA,25.0624666,121.522519
大同區,臺北市大同區延平北路二段287號,910603,RPQOMLSKLHKFFBA77DA,25.0623372,121.5112353
中山區,臺北市中山區林森北路520號,940826,RPSNMLKMLHKFFCA27CA,25.0623023,121.5254501
大同區,臺北市大同區延平北路二段272巷21號,820813,RPROMLLJMHKFFBA07CA,25.0621573,121.5103299
中山區,臺北市中山區民權東路三段12號,851125,RPPQMLRLLHKFFCA87CA,25.0621461,121.5398429
中山區,臺北市中山區民權東路三段66號,751125,RPQQMLKMLHKFFCA37CA,25.0621408,121.5427292
中山區,臺北市中山區中山北路二段132號,1031222,RPRQMLRJMHKFFCA97CA,25.0620103,121.5226092
中山區,臺北市中山區中山北路二段145號,1031222,RPVPMLRJMHKFFCA28CA,25.0619646,121.5230051
中山區,臺北市中山區中山北路二段130號,1031222,RPRPMLRJMHKFFCA87CA,25.0619437,121.5226229
中山區,臺北市中山區中山北路二段137號,1031222,RPWPMLRJMHKFFCA38CA,25.0617082,121.5243653
中山區,臺北市中山區新生北路二段144號,680323,RPSOMLQLLHKFFCA87CA,25.061598,121.5278685
松山區,臺北市松山區塔悠路327號,821021,RPQPMLKLLHKFFDA27CA,25.0615531,121.5689258
中山區,臺北市中山區中山北路二段124號,1031222,RPPPMLRJMHKFFCA67CA,25.0615497,121.5227711
中山區,臺北市中山區民權東路三段60巷3弄16號,730411,RPRNMLKLLHKFFCA07CA,25.0613009,121.543274
中山區,臺北市中山區中山北路二段121號,1031222,RPTQMLRJMHKFFCA18CA,25.0612094,121.5231156
中山區,臺北市中山區新生北路二段137巷18號,950102,RPPNMLQKMHKFFCA57DA,25.0612025,121.5283624
中山區,臺北市中山區林森北路472號,850730,RPSPMLLLMHKFFCA57CA,25.0611525,121.525424
中山區,臺北市中山區中山北路二段115巷1號,680804,RPRSMLRJMHKFFCA18CA,25.0610006,121.5233977
松山區,臺北市松山區塔悠路303號,821021,RPRNMLLMLHKFFDA37CA,25.060995,121.569016
中山區,臺北市中山區新生北路二段133巷11號,690110,RPQPMLKLLHKFFCA17CA,25.0609264,121.5282048
南港區,臺北市南港區三重里重陽路493號,1030618,RPTPMLKKMHKFFDA57CA,25.060812,121.611702
中山區,臺北市中山區松江路289號,590131,RPPPMLNLLHKFFCA47DA,25.0606957,121.5333567
內湖區,臺北市內湖區行善路231號,990329,RPTPMLSKLHKFFCA28DA,25.0606062,121.5826565
中山區,臺北市中山區松江路308號,661208,RPQQMLPKMHKFFCA77CA,25.060536,121.5333553
中山區,臺北市中山區錦州街247號,610416,RPTQMLKMLHKFFCA67CA,25.060464,121.5340672
中山區,臺北市中山區林森北路419號,730927,RPWOMLNLLHKFFCA97CA,25.0604229,121.5257618
中山區,臺北市中山區錦州街375號,650915,RPXNMLSKLHKFFCA38CA,25.0604162,121.5403999
中山區,臺北市中山區中山北路二段102號,810811,RPSOMLOLLHKFFCA67CA,25.0600428,121.522654
內湖區,臺北市內湖區新富街88號,1031020,RPUOMLKLMHKFFCA57CA,25.0599551,121.5843874
內湖區,臺北市內湖區新富街78號,1031020,RPVOMLKLMHKFFCA67CA,25.0598304,121.5843435
內湖區,臺北市內湖區新豐街41號,1021216,RPUPMLLMLHKFFCA77CA,25.0597161,121.582922
內湖區,臺北市內湖區新富街65號,1031020,RPOOMLKLMHKFFCA96CA,25.0596154,121.5840171
內湖區,臺北市內湖區新富街69號,1031020,RPTOMLKLMHKFFCA47CA,25.0596154,121.5840171
松山區,臺北市松山區民權東路三段160巷27號,690801,RPPNMLNLLHKFFDA27CA,25.0596116,121.5466486
內湖區,臺北市內湖區新富街44號,1031212,RPWOMLTJMHKFFCA48CA,25.0595171,121.5838351
內湖區,臺北市內湖區新富街34號,1031212,RPXOMLTJMHKFFCA58CA,25.0595171,121.5838351
內湖區,臺北市內湖區新富街38號,1031212,RPOPMLTJMHKFFCA77CA,25.0595171,121.5838351
內湖區,臺北市內湖區新富街46號,1031212,RPRPMLTJMHKFFCA08CA,25.0595171,121.5838351
內湖區,臺北市內湖區新富街51號,1031212,RPSPMLTJMHKFFCA18CA,25.0595171,121.5838351
中山區,臺北市中山區民生東路二段115巷28號,580621,RPWQMLLJMHKFFCA87CA,25.059492,121.531488
中山區,臺北市中山區中山北路二段93巷5號,920808,RPWNMLRJMHKFFCA18CA,25.0593848,121.5236431
內湖區,臺北市內湖區新富街57號,1031212,RPQPMLTJMHKFFCA97CA,25.0593698,121.583932
中山區,臺北市中山區中山北路二段93巷15號,920808,RPUOMLKMLHKFFCA57CA,25.0593627,121.5244101
松山區,臺北市松山區民生東路五段263號,720422,RPPQMLKLLHKFFDA27CA,25.0593002,121.5687192
松山區,臺北市松山區民生東路五段263號,720422,SPPQMLKLLHKFFDA37CA,25.0593002,121.5687192
中山區,臺北市中山區林森北路402號,710531,RPSPMLSKLHKFFCA08CA,25.0592756,121.525551
中山區,臺北市中山區林森北路402號,710531,RPPOMLOLLHKFFCA37CA,25.0592756,121.525551
松山區,臺北市松山區光復北路235號,910320,RPROMLLMLHKFFDA47CA,25.0592164,121.5550574
松山區,臺北市松山區民生東路五段155號,680521,RPUOMLPLLHKFFDA18DA,25.0591146,121.5623383
南港區,臺北市南港區園區街7號,1020521,RPSNMLQJMHKFFDA77CA,25.0590915,121.6121773
中山區,臺北市中山區民生東路二段127巷7號,730828,RPUNMLQLLHKFFCA97CA,25.0590088,121.5322861
中山區,臺北市中山區吉林路218巷18號,980401,RPPPMLKMLHKFFCA17CA,25.0588539,121.529448
大同區,臺北市大同區歸綏街97巷1號,841030,RPVOMLQLLHKFFBA08CA,25.0587996,121.5162132
大同區,臺北市大同區歸綏街125號,860331,RPOPMLQLLHKFFBA47CA,25.0585841,121.515546
中山區,臺北市中山區中山區中山北路二段127號,1031222,RPTOMLRJMHKFFCA97CA,25.0583267,121.5218104
大同區,臺北市大同區歸綏街128號,1010809,RPTOMLLJMHKFFBA37DA,25.058272,121.5147352
內湖區,臺北市內湖區南京東路六段334號,970407,RPPQMLLMLHKFFCA37CA,25.0578829,121.583606
大同區,臺北市大同區民生西路171巷27號,940414,RPROMLRKLHKFFBA67CA,25.057848,121.516866
松山區,臺北市松山區三民路113巷21號,690521,RPVOMLPKMHKFFDA18CA,25.05783,121.5623377
中山區,臺北市中山區民生東路二段171號,690522,RPORMLSJMHKFFCA87CA,25.0578235,121.5351438
南港區,臺北市南港區重陽路125巷36弄15號,980921,RPRQMLLMLHKFFDA67CA,25.0576877,121.5973068
南港區,臺北市南港區重陽路125巷36弄16號,970122,RPTOMLLMLHKFFDA67CA,25.0576045,121.5971413
松山區,臺北市松山區三民路102巷7號,630107,RPVOMLRJMHKFFDA28CA,25.0575595,121.5645653
南港區,臺北市南港區重陽路292巷3號,560301,RPPOMLSJMHKFFDA77CA,25.0575005,121.604986
內湖區,臺北市內湖區行善路25巷57號,870506,RPWOMLLJMHKFFCA77DA,25.0574123,121.5775821
大同區,臺北市大同區歸綏街160巷21號,850530,RPPNMLLJMHKFFBA76CA,25.057346,121.514155
中山區,臺北市中山區民生東路三段88巷3號,750314,RPRRMLSJMHKFFCA18CA,25.057344,121.543026
中山區,臺北市中山區新生北路二段89號,970925,RPPPMLKLLHKFFCA07CA,25.0573059,121.5278928
松山區,臺北市松山區三民路101巷7號,601220,RPTPMLLMLHKFFDA77CA,25.0572913,121.5630663
中山區,臺北市中山區新生北路二段72巷26號,831201,RPQQMLRJMHKFFCA87CA,25.057181,121.5271178
中山區,臺北市中山區新生北路二段98號,680119,RPXNMLOKMHKFFCA08CA,25.057179,121.526944
內湖區,臺北市內湖區南京東路六段250號,1011226,RPVPMLNLMHKFFCA08CA,25.057164,121.5823066
南港區,臺北市南港區港東街115號,960115,RPSNMLOKMHKFFDA67CA,25.0570483,121.6215393
內湖區,臺北市內湖區行善路48巷27號,971024,RPPPMLLMLHKFFCA27CA,25.0569535,121.5754062
內湖區,臺北市內湖區行善路48巷16號,971024,RPQPMLLMLHKFFCA37CA,25.0569535,121.5754062
內湖區,臺北市內湖區南京東路六段260號,1011226,RPUNMLKMLHKFFCA47CA,25.0568961,121.58181
中正區,臺北市中正區同安街69號,860131,RPRNMLPKMHKFFAA37CA,25.0566614,121.4950025
中山區,臺北市中山區興安街63號,750314,RPXPMLNLLHKFFCA18CA,25.0562024,121.5425598
南港區,臺北市南港區經貿二路235巷41號,1031204,RPSPMLTJMHKFFDA28CA,25.056187,121.6167819
南港區,臺北市南港區經貿二路235巷46號,1031204,RPTNMLRLMHKFFDA18CA,25.056187,121.6167819
南港區,臺北市南港區經貿二路235巷35號,1031204,RPXNMLTJMHKFFDA58CA,25.056187,121.6167819
南港區,臺北市南港區經貿二路235巷55號,1031002,RPVNMLLMLHKFFDA77CA,25.056187,121.6167819
南港區,臺北市南港區經貿二路235巷31號,1031002,RPWNMLKKMHKFFDA67CA,25.056187,121.6167819
南港區,臺北市南港區經貿二路235巷49號,1031002,RPXNMLKKMHKFFDA77CA,25.056187,121.6167819
南港區,臺北市南港區經貿二路185巷54號,990628,RPRNMLQLLHKFFDA77CA,25.056187,121.6167819
南港區,臺北市南港區三重路41巷31號,1010119,RPVPMLLMLHKFFDA08DA,25.0561776,121.6139674
大同區,臺北市大同區承德路二段40號,740211,RPWOMLQLLHKFFBA18CA,25.056038,121.517963
中山區,臺北市中山區松江路170巷34號,691101,RPOOMLKLLHKFFCA86CA,25.055962,121.5309789
中山區,臺北市中山區中山北路二段59巷35號,880928,RPVPMLKMLHKFFCA77CA,25.0559619,121.524206
松山區,臺北市松山區三民路74巷9號,810413,RPPPMLLJMHKFFDA17CA,25.0559259,121.5650411
大同區,臺北市大同區延平北路二段71號,830609,RPRNMLLMLHKFFBA17CA,25.0558256,121.511783
松山區,臺北市松山區三民路74巷20號,810413,RPXNMLPLLHKFFDA38DA,25.0557978,121.5654816
內湖區,臺北市內湖區行善路25巷8弄22號,870506,RPWOMLQKMHKFFCA38DA,25.0556929,121.5751122
中山區,臺北市中山區復興北路190巷9號,750609,RPRPMLRLLHKFFCA97CA,25.055622,121.543381
松山區,臺北市松山區三民路35巷18號,930507,RPVOMLSJMHKFFDA38CA,25.0555359,121.5632699
中山區,臺北市中山區建國北路二段51號,770524,RPTOMLKLLHKFFCA37CA,25.0555358,121.5372633
中山區,臺北市中山區松江路166號,660902,RPVOMLKMLHKFFCA67CA,25.055513,121.53277
中山區,臺北市中山區松江路143號,831014,SPTPMLQKMHKFFCA18CA,25.0552498,121.5332789
中山區,臺北市中山區合江街20巷42號,710525,RPUOMLQLLHKFFCA08CA,25.055191,121.5378309
中山區,臺北市中山區吉林路126號,740527,RPPOMLPLLHKFFCA47CA,25.0551267,121.5300117
中山區,臺北市中山區新生北路二段56號,850718,RPPNMLKMLHKFFCA96CA,25.0550484,121.527176
中山區,臺北市中山區長春路102號,1030529,RPQOMLTJMHKFFCA87CA,25.0547746,121.5280051
中山區,臺北市中山區長春路310號,820309,RPUNMLKLLHKFFCA37CA,25.0546379,121.5404951
中山區,臺北市中山區新生北路二段35號,980916,RPWPMLKMLHKFFCA87CA,25.0545191,121.5278297
松山區,臺北市松山區健康路391號,1000706,RPTNMLQKMHKFFDA97CA,25.0545181,121.5688207
南港區,臺北市南港區向陽路162巷113號,1020805,RPVPMLOKMHKFFDA18CA,25.0545076,121.5947795
中山區,臺北市中山區中山北路二段45巷5號,680623,RPPOMLKLLHKFFCA96CA,25.0545036,121.5231991
中山區,臺北市中山區林森北路259巷5號,730922,RPPNMLRJMHKFFCA47CA,25.054364,121.5259729
南港區,臺北市南港區富康街6號,740516,RPUPMLSKLHKFFDA38CA,25.054224,121.616959
松山區,臺北市松山區健康路155號,820323,RPWOMLNLLHKFFDA18DA,25.0541926,121.5602074
松山區,臺北市松山區敦化北路155巷11號,840422,RPOOMLRLLHKFFDA67CA,25.0541709,121.550532
中山區,臺北市中山區松江路16號,661102,RPRNMLOLLHKFFCA47CA,25.0540496,121.5333153
中山區,臺北市中山區新生北路二段28巷19號,780517,RPVNMLRLLHKFFCA18CA,25.0539192,121.5254693
中山區,臺北市中山區中山北路二段26巷12號,620815,RPOSMLTJMHKFFCA08CA,25.0539178,121.521744
中山區,臺北市中山區中山北路二段26巷12號,620815,RPPSMLTJMHKFFCA18CA,25.0539178,121.521744
內湖區,臺北市內湖區新明路498巷14弄8號,1001123,RPVPMLLJMHKFFCA67CA,25.0538856,121.5776417
大同區,臺北市大同區華亭街58號,991101,RPPOMLNLLHKFFBA17CA,25.0537092,121.5131422
大同區,臺北市大同區赤峰街17巷25號,601014,RPWNMLLJMHKFFBA47CA,25.0536838,121.52018
松山區,臺北市松山區健康路35巷1號,910307,RPQNMLLLLHKFFDA17CA,25.053681,121.554495
松山區,臺北市松山區南京東路三段303巷14弄3號,750321,RPUNMLOLLHKFFDA87CA,25.0536629,121.547014
松山區,臺北市松山區南京東路五段251巷48號,1000530,RPROMLRLLHKFFDA08DA,25.0536064,121.5651558
中山區,臺北市中山區四平街143號,720620,RPUQMLKMLHKFFCA77CA,25.0534896,121.5306364
松山區,臺北市松山區南京東路三段335巷3號,750321,RPPPMLOLLHKFFDA57CA,25.0534469,121.547661
大同區,臺北市大同區承德路一段94號,781227,RPQNMLKMLHKFFBA96CA,25.0532375,121.5175841
大同區,臺北市大同區延平北路一段135號,1030408,RPOOMLKMLHKFFBA86CA,25.0531635,121.5119404
中山區,臺北市中山區松江路130號,831014,RPSPMLQKMHKFFCA97CA,25.0529979,121.5329236
中山區,臺北市中山區松江路135號,831014,SPSPMLQKMHKFFCA08CA,25.0529979,121.5329236
中山區,臺北市中山區建國北路二段16號,950713,RPSQMLOLLHKFFCA97DA,25.052833,121.5364112
中山區,臺北市中山區南京西路18號,680126,RPROMLRLLHKFFCA87CA,25.052611,121.5202584
中山區,臺北市中山區中山北路二段143號,1031222,RPQOMLRJMHKFFCA67CA,25.052514,121.5222892
中山區,臺北市中山區建國北路二段3巷28號,811217,RPOPMLPLLHKFFCA47CA,25.0524956,121.5381866
中山區,臺北市中山區松江路124號,831014,RPTPMLQKMHKFFCA08CA,25.0524573,121.532917
中山區,臺北市中山區南京東路一段20號,730621,RPPNMLSLLHKFFCA77DA,25.0520958,121.5235465
中山區,臺北市中山區南京東路二段112號,990917,RPUSMLRJMHKFFCA48CA,25.0517926,121.5322479
松山區,臺北市松山區南京東路三段247號,610308,RPXOMLQLLHKFFDA48CA,25.0517445,121.5445583
中山區,臺北市中山區南京東路二段194號,990528,RPXNMLRKLHKFFCA28CA,25.051686,121.535331
大同區,臺北市大同區長安西路151號,810422,RPSOMLOLLHKFFBA57CA,25.0515374,121.5147357
中山區,臺北市中山區吉林路47號,781124,RPVOMLNLLHKFFCA87CA,25.051446,121.5300879
中山區,臺北市中山區松江路107號,710703,RPUQMLPKMHKFFCA18CA,25.0512886,121.5329162
中山區,臺北市中山區中山北路一段105巷1號,710420,RPVNMLNKMHKFFCA87DA,25.050986,121.522477
大同區,臺北市大同區延平北路一段44號,700223,RPOOMLKLLHKFFBA86DA,25.0508856,121.5118544
大同區,臺北市大同區延平北路一段44號,700223,RPSOMLLJMHKFFBA17CA,25.0508856,121.5118544
南港區,臺北市南港區八德路四段877號,841219,RPOPMLNLLHKFFDA47DA,25.050857,121.580499
松山區,臺北市松山區北寧路51號,770701,RPUNMLRLLHKFFDA18CA,25.0507849,121.5527051
中山區,臺北市中山區中山北路一段121巷50號,1000128,RPQNMLLMLHKFFCA17CA,25.0507582,121.5249635
中山區,臺北市中山區興亞里吉林路18號,1030530,RPXNMLRJMHKFFCA28CA,25.0507449,121.529888
中山區,臺北市中山區伊通街28號,641119,RPSOMLSLLHKFFCA18DA,25.0507425,121.5346589
松山區,臺北市松山區八德路四段245巷37號,700620,RPQNMLMJMHKFFDA17CA,25.0506946,121.5644002
中山區,臺北市中山區林森北路109號,710224,RPOPMLLJMHKFFCA96CA,25.0504072,121.5251449
松山區,臺北市松山區南京東路五段286巷24號,650609,RPUOMLNLLHKFFDA97DA,25.0502247,121.5672072
松山區,臺北市松山區敦化北路4巷63號,701229,RPXOMLTJMHKFFDA68CA,25.0501973,121.5445258
中山區,臺北市中山區林森北路119巷80號,871123,RPQOMLSLMHKFFCA97CA,25.0501606,121.5277297
松山區,臺北市松山區八德路四段653號,980727,RPSOMLNLLHKFFDA67CA,25.0501005,121.5755698
松山區,臺北市松山區八德路四段649號,951110,RPPOMLPLLHKFFDA57CA,25.0500998,121.575452
松山區,臺北市松山區八德路四段639號,951110,RPTNMLMJMHKFFDA47CA,25.0500981,121.5751573
大同區,臺北市大同區太原路8號,1000418,RPWNMLKLLHKFFBA47CA,25.0499769,121.515178
松山區,臺北市松山區八德路四段674號,750505,RPPPMLKLLHKFFDA17CA,25.049962,121.5764403
中山區,臺北市中山區中山北路一段83巷28號,760609,RPROMLMJMHKFFCA27CA,25.0499105,121.5241794
中山區,臺北市中山區林森北路107巷67號,831205,RPPOMLSKLHKFFCA67CA,25.0499037,121.5273996
中山區,臺北市中山區林森北路107巷79號,751009,RPUPMLRLLHKFFCA28CA,25.0498109,121.5276402
松山區,臺北市松山區寶清街5號,800227,RPROMLQLLHKFFDA87CA,25.0498023,121.569105
中山區,臺北市中山區長安東路一段7號,610328,RPXPMLMLMHKFFCA18CA,25.0497468,121.522387
中山區,臺北市中山區新生北路一段101號,701222,RPWNMLRLLHKFFCA28CA,25.049599,121.5283363
松山區,臺北市松山區八德路四段442號,970205,RPSNMLPLLHKFFDA77CA,25.0495297,121.5696089
信義區,臺北市信義區市民大道六段327號,1031227,RPRPMLOKMHKFFDA77CA,25.0494695,121.5750449
信義區,臺北市信義區市民大道六段326號,1031227,RPPRMLQKMHKFFDA97CA,25.0494695,121.5750449
中山區,臺北市中山區林森北路85巷83號,700630,RPQOMLLJMHKFFCA07CA,25.049281,121.527743
松山區,臺北市松山區八德路四段91巷3弄2號,751213,RPUNMLSKLHKFFDA28DA,25.0492293,121.5605401
中山區,臺北市中山區中山北路一段53巷6號,970104,RPUNMLSKLHKFFCA08CA,25.049199,121.5220186
信義區,臺北市信義區市民大道六段310號,1031227,RPUOMLOKMHKFFDA97CA,25.0491976,121.5748137
信義區,臺北市信義區市民大道六段314號,1031227,RPUNMLLLMHKFFDA67CA,25.0491976,121.5748137
信義區,臺北市信義區市民大道六段304號,1031227,RPWNMLLLMHKFFDA87CA,25.0491976,121.5748137
信義區,臺北市信義區市民大道六段323號,1031227,RPOPMLOKMHKFFDA47CA,25.0491976,121.5748137
信義區,臺北市信義區市民大道六段317號,1031227,RPUPMLOKMHKFFDA08CA,25.0491976,121.5748137
信義區,臺北市信義區市民大道六段322號,1031227,RPUQMLOKMHKFFDA18CA,25.0491976,121.5748137
信義區,臺北市信義區市民大道六段311號,1031227,RPPQMLOKMHKFFDA67CA,25.0491976,121.5748137
信義區,臺北市信義區市民大道六段301號,1031227,RPVOMLQKMHKFFDA28CA,25.0491976,121.5748137
信義區,臺北市信義區市民大道六段306號,1031227,RPOPMLQKMHKFFDA67CA,25.0491976,121.5748137
信義區,臺北市信義區市民大道六段324號,1031227,RPTPMLQKMHKFFDA18CA,25.0491976,121.5748137
信義區,臺北市信義區市民大道六段314號,1031227,RPQNMLRKMHKFFDA77CA,25.0491976,121.5748137
信義區,臺北市信義區市民大道六段319號,1031227,RPOOMLRKMHKFFDA67CA,25.0491976,121.5748137
信義區,臺北市信義區市民大道六段308號,1031227,RPQOMLRKMHKFFDA87CA,25.0491976,121.5748137
信義區,臺北市信義區市民大道六段313號,1031227,RPTOMLLLMHKFFDA67CA,25.0491976,121.5748137
信義區,臺北市信義區市民大道六段303號,1031227,RPRQMLQKMHKFFDA08CA,25.0491976,121.5748137
信義區,臺北市信義區市民大道六段321號,1031227,RPTQMLQKMHKFFDA28CA,25.0491976,121.5748137
信義區,臺北市信義區市民大道六段315號,1031227,RPTOMLRKMHKFFDA18CA,25.0491976,121.5748137
信義區,臺北市信義區市民大道六段305號,1031227,RPVOMLRKMHKFFDA38CA,25.0491976,121.5748137
中山區,臺北市中山區新生北路一段106號,701222,RPQRMLRJMHKFFCA97CA,25.0491888,121.5284629
松山區,臺北市松山區北寧路22號,1031007,RPVOMLTKLHKFFDA48CA,25.0489593,121.5527775
中山區,臺北市中山區中山北路一段78號,980327,RPROMLLJMHKFFCA17CA,25.0488379,121.5207219
松山區,臺北市松山區八德路二段437巷1弄3號,570511,RPPNMLRLLHKFFDA67CA,25.0488099,121.5470673
中山區,臺北市中山區長安東路一段59號,960810,RPVOMLLJMHKFFCA57CA,25.048771,121.526967
中山區,臺北市中山區長安東路二段61號,700613,RPUOMLRKLHKFFCA08CA,25.0484255,121.5303443
中山區,臺北市中山區長安東路二段171號,1010409,RPWOMLQLLHKFFCA28CA,25.0484073,121.5417697
中山區,臺北市中山區長安東路二段76號,820714,RPQRMLLJMHKFFCA37CA,25.0483283,121.5337474
中山區,臺北市中山區長安東路二段104號,900313,RPTRMLTJMHKFFCA48CA,25.0483219,121.535239
信義區,臺北市信義區基隆路一段29號,1021107,RPQNMLTJMHKFFDA87CA,25.0482959,121.569051
萬華區,臺北市萬華區西寧南路7號,710621,RPTNMLLJMHKFFBA17CA,25.048266,121.507648
中山區,臺北市中山區長安東路二段106號,740528,RPTNMLOLLHKFFCA77DA,25.048219,121.535145
中山區,臺北市中山區長安東路一段30巷4號,670601,RPRQMLOLLHKFFCA87DA,25.0481728,121.5260561
中山區,臺北市中山區新生北路一段51號,770613,RPPOMLLLMHKFFCA17CA,25.0481042,121.5300965
松山區,臺北市松山區八德路二段412號,950823,RPUOMLOLLHKFFDA08DA,25.0480971,121.5469088
松山區,臺北市松山區八德路四段2號,790508,RPTOMLKMLHKFFDA57CA,25.0480779,121.5580271
中山區,臺北市中山區松江路46巷15號,591105,RPQRMLKLLHKFFCA37CA,25.0479863,121.5319902
中山區,臺北市中山區松江路46巷21號,701223,RPWSMLTJMHKFFCA88CA,25.0479047,121.5314271
中山區,臺北市中山區松江路45號,670823,RPRRMLPLLHKFFCA97CA,25.0478648,121.5331686
松山區,臺北市松山區八德路三段216號,830411,RPROMLRKMHKFFDA08DA,25.04785,121.556872
中山區,臺北市中山區建國北路一段23巷40號,860613,RPTRMLSJMHKFFCA38CA,25.0472426,121.5389065
中正區,臺北市中正區忠孝西路一段44號,670104,RPROMLPLLHKFFBA57CA,25.046721,121.514126
松山區,臺北市松山區延吉街11號,800426,RPPNMLLLLHKFFDA07CA,25.0466631,121.553604
信義區,臺北市信義區松隆路133號,850925,RPPPMLKMLHKFFDA37DA,25.0466498,121.5715324
松山區,臺北市松山區八德路二段366巷47號,800524,RPXNMLNLLHKFFDA08CA,25.046257,121.546118
南港區,臺北市南港區東新街118巷35號,1010314,RPOOMLPLLHKFFDA57DA,25.046098,121.588715
中正區,臺北市中正區忠孝西路一段33號,670104,RPSOMLNLMHKFFBA57CA,25.0460657,121.5187553
松山區,臺北市松山區光復南路46巷24號,730131,RPXPMLSKLHKFFDA78DA,25.0458296,121.5560577
信義區,臺北市信義區松隆路104號,801128,RPTOMLQLLHKFFDA18DA,25.0458223,121.5706278
萬華區,臺北市萬華區漢中街7號,1011120,RPRNMLLJMHKFFBA96CA,25.045802,121.507727
南港區,臺北市南港區東新街118巷89號,1010314,RPORMLLLMHKFFDA47CA,25.045746,121.5899071
信義區,臺北市信義區永吉路357號,741113,RPOOMLKKMHKFFDA07DA,25.045634,121.576494
萬華區,臺北市萬華區中華路一段78號,640506,RPTNMLKMLHKFFBA27CA,25.045622,121.508677
南港區,臺北市南港區東新街118巷70號,1010314,RPOOMLLMLHKFFDA27DA,25.0456056,121.5896614
信義區,臺北市信義區永吉路42號,960524,RPXNMLQLLHKFFDA38CA,25.0455,121.569168
松山區,臺北市松山區市民大道四段323號,730903,RPVNMLMJMHKFFDA77DA,25.0452383,121.5576329
中正區,臺北市中正區忠孝東路一段2號,611028,RPWNMLSKLHKFFBA18CA,25.0452209,121.5199946
大安區,臺北市大安區建國南路一段341巷14號,750520,RPVOMLKLLHKFFFA97DA,25.0451827,121.5362641
中正區,臺北市中正區漢口街一段84號,880923,RPQNMLPLLHKFFBA37CA,25.045133,121.511991
大安區,臺北市大安區市民大道四段123號,950828,RPPNMLMJMHKFFFA37DA,25.0448906,121.5499352
大安區,臺北市大安區大安路一段11號,680925,RPWNMLLMLHKFFFA08CA,25.0446801,121.5463715
中正區,臺北市中正區忠孝東路一段88號,781230,SPWNMLLMLHKFFBA77CA,25.0444811,121.5243225
大安區,臺北市大安區建國南路一段175巷22號,760423,RPSNMLRLLHKFFFA18CA,25.0443856,121.5362526
大安區,臺北市大安區大安路一段16巷21號,881222,RPTNMLPLLHKFFFA08CA,25.0443838,121.5463328
萬華區,臺北市萬華區峨眉街100號,950126,RPQOMLLMLHKFFBA17CA,25.04428,121.503399
信義區,臺北市信義區基隆路一段131號,950802,RPVOMLQLLHKFFDA28CA,25.044154,121.566622
南港區,臺北市南港區研究院路二段98巷19號,1020808,RPPOMLMJMHKFFDA17CA,25.0441385,121.6153231
中正區,臺北市中正區忠孝東路一段69號,781230,RPWNMLLMLHKFFBA67CA,25.0441377,121.5264609
中正區,臺北市中正區忠孝東路二段14號,940825,RPXNMLMJMHKFFBA67CA,25.043612,121.5272551
中正區,臺北市中正區青島東路16號,660826,RPPNMLTJMHKFFBA57CA,25.0435969,121.5229912
中正區,臺北市中正區青島東路16號,660826,RPQNMLTJMHKFFBA67CA,25.0435969,121.5229912
南港區,臺北市南港區研究院路二段61巷3號,1021230,RPQOMLNLLHKFFDA47CA,25.0434949,121.6174292
大安區,臺北市大安區忠孝東路三段217巷2弄25號,600403,RPSOMLRJMHKFFFA18CA,25.0421533,121.5398211
萬華區,臺北市萬華區昆明街118號,920122,RPVNMLTKLHKFFBA18CA,25.0419413,121.5046249
中正區,臺北市中正區齊東街58號,880826,RPOOMLOLLHKFFBA17CA,25.0419245,121.5282169
萬華區,臺北市萬華區內江街105號,790220,RPSNMLLJMHKFFBA07CA,25.0418376,121.5014113
信義區,臺北市信義區忠孝東路五段423巷6弄38號,780425,RPWQMLMJMHKFFDA18DA,25.0417229,121.5768843
萬華區,臺北市萬華區內江街144號,800110,RPRNMLQKMHKFFBA57CA,25.04163,121.501949
大安區,臺北市大安區忠孝東路三段198號,760423,RPTNMLKKMHKFFFA57CA,25.041421,121.539438
信義區,臺北市信義區福德街300巷51號,660719,RPOPMLRLLHKFFDA77CA,25.0413397,121.5863792
大安區,臺北市大安區延吉街104號,750522,RPVNMLRJMHKFFFA38CA,25.0413315,121.554476
信義區,臺北市信義區忠孝東路五段451號,941006,RPOOMLLJMHKFFDA96CA,25.0411038,121.5762524
信義區,臺北市信義區忠孝東路五段230號,940930,RPRNMLSKLHKFFDA97DA,25.0411009,121.5699067
大安區,臺北市大安區仁愛路四段151巷51號,790420,RPUNMLKKMHKFFFA67CA,25.0408462,121.5518439
信義區,臺北市信義區林口街158號,791022,RPTNMLSJMHKFFDA08CA,25.0404589,121.581878
大安區,臺北市大安區忠孝東路三段248巷19弄58號,720401,RPRNMLSKLHKFFFA08CA,25.040228,121.543043
中正區,臺北市中正區銅山街51號,660309,RPXNMLRKLHKFFBA18CA,25.0401663,121.5263238
大安區,臺北市大安區安和路一段21巷25號,790220,RPSNMLKKMHKFFFA47CA,25.0395045,121.5515653
萬華區,臺北市萬華區西園路一段73號,961119,RPWNMLLLMHKFFBA67CA,25.0392321,121.4999424
大安區,臺北市大安區仁愛路四段345巷15弄9號,750609,RPXNMLTKLHKFFFA88DA,25.0391449,121.554342
南港區,臺北市南港區福德街339巷3弄24號,650223,RPSPMLKMLHKFFDA57CA,25.0388831,121.5898711
中正區,臺北市中正區仁愛路一段51巷9號,870724,RPVNMLLMLHKFFBA57CA,25.0387567,121.520894
萬華區,臺北市萬華區西昌街156號,740416,RPXNMLTKLHKFFBA38CA,25.03873,121.5006529
萬華區,臺北市萬華區桂林路226號,720929,RPOOMLQLLHKFFBA37CA,25.0386518,121.4964801
萬華區,臺北市萬華區西昌街160號,740416,RPOOMLTKLHKFFBA57CA,25.0384509,121.5005591
南港區,臺北市南港區福德街373巷34號,870521,RPOOMLPKMHKFFDA47CA,25.0384329,121.591219
信義區,臺北市信義區松山路525號,591124,RPTOMLOLLHKFFDA87CA,25.0382335,121.5782299
信義區,臺北市信義區忠孝東路五段236巷45弄56號,920922,RPVOMLLMLHKFFDA87CA,25.0375811,121.572745
信義區,臺北市信義區林口街10巷39號,581215,RPSOMLPLLHKFFDA97DA,25.0375472,121.5806728
信義區,臺北市信義區虎林街212巷9號,581114,RPTNMLTKLHKFFDA28DA,25.0375331,121.5767418
萬華區,臺北市萬華區環河南路二段62巷1弄20號,720929,RPOOMLPLLHKFFBA27CA,25.0373647,121.4957096
中正區,臺北市中正區新生南路一段132巷28號,580617,RPPOMLKMLHKFFBA07DA,25.0370171,121.5319251
萬華區,臺北市萬華區廣州街234號,780503,RPXNMLQLLHKFFBA18CA,25.0367386,121.4986146
大安區,臺北市大安區仁愛路四段112巷9弄28號,720121,RPSOMLKKMHKFFFA67DA,25.0357955,121.5496764
大安區,臺北市大安區四維路66巷25號,840915,RPQNMLNLLHKFFFA57CA,25.0354878,121.5481976
萬華區,臺北市萬華區西園路一段153號,780503,RPXNMLRJMHKFFBA18CA,25.0354487,121.4995792
大安區,臺北市大安區四維路52巷25號,601118,RPXOMLQKMHKFFFA68CA,25.0352129,121.5467938
大安區,臺北市大安區復興南路一段364號,691117,RPXNMLRLLHKFFFA78DA,25.035144,121.543304
信義區,臺北市信義區光復南路506號,780301,RPOPMLQLLHKFFDA67CA,25.0349022,121.5573931
萬華區,臺北市萬華區大理街19號,751024,RPTNMLRLLHKFFBA87CA,25.0347507,121.5025255
萬華區,臺北市萬華區大理街15號,751024,RPRNMLRLLHKFFBA67CA,25.0347373,121.5026157
信義區,臺北市信義區光復南路455號,760917,RPPPMLRLLHKFFDA87CA,25.0345826,121.5577111
信義區,臺北市信義區基隆路一段337號,621124,RPTOMLLJMHKFFDA47CA,25.0345097,121.5606265
中正區,臺北市中正區延平南路217號,630912,RPOQMLLMLHKFFAA17DA,25.034358,121.5074841
大安區,臺北市大安區信義路四段265巷21弄4號,700120,RPXNMLTJMHKFFFA78CA,25.0342789,121.5547852
大安區,臺北市大安區信義路四段199巷8號,710111,RPOPMLNLLHKFFFA67DA,25.0340502,121.5515146
大安區,臺北市大安區敦化南路一段374號,700219,RPOOMLPLLHKFFFA67CA,25.0336296,121.5481869
大安區,臺北市大安區信義路三段80號,871103,RPROMLRJMHKFFFA08CA,25.0333745,121.5379941
大安區,臺北市大安區信義路四段381號,1001027,RPWNMLKKMHKFFFA87CA,25.0333152,121.5581982
大安區,臺北市大安區信義路三段110號,960322,RPTNMLKLMHKFFFA67CA,25.0332565,121.5384867
大安區,臺北市大安區信義路四段164號,700220,RPQNMLTKLHKFFFA08CA,25.0330503,121.5507495
大安區,臺北市大安區永康街4巷10號,960911,RPOOMLSKLHKFFFA87CA,25.032921,121.52936
信義區,臺北市信義區光復南路513號,891124,RPQNMLTKLHKFFDA87CA,25.032161,121.5575191
信義區,臺北市信義區松勤街25號,961225,RPVOMLNLLHKFFDA08DA,25.0320478,121.5627287
信義區,臺北市信義區基隆路二段27號,741109,RPQOMLLJMHKFFDA17CA,25.0317083,121.5589818
中正區,臺北市中正區羅斯福路一段40號,770202,RPOOMLLJMHKFFAA66CA,25.0311213,121.5192148
中正區,臺北市中正區寧波西街37號,810706,RPVPMLLJMHKFFAA47CA,25.0310776,121.5179991
大安區,臺北市大安區復興南路二段78巷64號,960806,RPSOMLKLLHKFFFA67DA,25.0310209,121.5417015
中正區,臺北市中正區南昌路一段85號,810514,RPXNMLKMLHKFFAA57CA,25.0305139,121.517894
大安區,臺北市大安區復興南路二段90巷12號,970125,RPOOMLLMLHKFFFA37CA,25.030204,121.5424409
大安區,臺北市大安區永康街47巷12號,710518,RPRNMLNLLHKFFFA67CA,25.030053,121.530201
大安區,臺北市大安區信義路二段198巷50號,841003,RPTNMLKLLHKFFFA57CA,25.0300078,121.531531
大安區,臺北市大安區瑞安街142巷28號,960623,RPPPMLKMLHKFFFA47CA,25.0298538,121.541855
中正區,臺北市中正區南昌路一段131號,990301,RPPNMLRJMHKFFAA27CA,25.0297259,121.5185025
大安區,臺北市大安區光復南路707號,1011120,RPPNMLLJMHKFFFA17CA,25.029608,121.5573204
大安區,臺北市大安區建國南路二段123巷14號,750415,RPPNMLNLLHKFFFA57DA,25.02944,121.5390513
萬華區,臺北市萬華區西園路二段140巷6弄24號,650716,RPQNMLTKLHKFFBA67CA,25.0293335,121.4955042
信義區,臺北市信義區吳興街156巷2弄28號,650127,RPVNMLKLLHKFFDA67DA,25.0293051,121.5610165
信義區,臺北市信義區莊敬路267號,740815,RPPNMLMJMHKFFDA07CA,25.0291637,121.562796
大安區,臺北市大安區金山南路二段156巷27號,740827,RPUNMLNLLHKFFFA97CA,25.028868,121.5248762
中正區,臺北市中正區羅斯福路二段141號,921203,RPOQMLTKLHKFFAA67CA,25.028676,121.520918
信義區,臺北市信義區基隆路二段140號,790119,RPXPMLMJMHKFFDA08CA,25.028381,121.5567034
大安區,臺北市大安區四維路170巷42號,980115,RPOOMLNLLHKFFFA57DA,25.0282038,121.5461574
中正區,臺北市中正區和平西路二段22號,690815,RPROMLQKLHKFFAA57DA,25.0281472,121.5135327
大安區,臺北市大安區和平東路三段1巷72弄6號,740522,RPWNMLKMLHKFFFA97CA,25.027745,121.546468
信義區,臺北市信義區基隆路二段162號,990901,RPUOMLKMLHKFFDA67CA,25.027606,121.555865
中正區,臺北市中正區羅斯福路二段43號,700623,RPPOMLTKLHKFFAA57CA,25.027573,121.522342
中正區,臺北市中正區和平西路一段148號,641224,RPSNMLLMLHKFFAA17CA,25.0273099,121.5157589
大安區,臺北市大安區敦化南路二段119號,950125,RPPOMLKMLHKFFFA37CA,25.0271177,121.5484889
大安區,臺北市大安區瑞安街135巷3號,571206,RPQOMLNLLHKFFFA67CA,25.026865,121.539883
大安區,臺北市大安區瑞安街135巷25號,1010119,RPWNMLNLLHKFFFA18CA,25.026805,121.541062
萬華區,臺北市萬華區西園路二段372巷35號,650820,RPVNMLKLLHKFFBA37CA,25.0266598,121.4904709
大安區,臺北市大安區和平東路一段50巷1弄25號,970414,RPTNMLQLLHKFFFA18CA,25.0265803,121.5238089
大安區,臺北市大安區和平東路一段50巷1弄15號,970414,RPPNMLSJMHKFFFA87CA,25.0265803,121.5238089
大安區,臺北市大安區樂利路50號,700410,RPXOMLKMLHKFFFA18CA,25.026485,121.5516227
大安區,臺北市大安區和平東路二段175巷15弄24號,830317,RPQNMLLMLHKFFFA57DA,25.0260428,121.5427268
萬華區,臺北市萬華區德昌街4巷24號,650128,RPUNMLKMLHKFFBA37CA,25.0256567,121.5000237
信義區,臺北市信義區吳興街284巷5號,1030805,RPTOMLTJMHKFFDA28CA,25.0255159,121.563998
萬華區,臺北市萬華區西園路二段275號,680622,RPVNMLSKLHKFFBA08CA,25.025412,121.4923378
萬華區,臺北市萬華區西園路二段277號,630307,RPQNMLLMLHKFFBA07CA,25.0253573,121.4922763
信義區,臺北市信義區信安街95巷27號,800710,RPTRMLQKMHKFFDA38CA,25.0252427,121.5576101
中正區,臺北市中正區汀州路二段123號,961031,RPTPMLTJMHKFFAA08CA,25.0251033,121.5193644
大安區,臺北市大安區基隆路二段186號,980109,RPPNMLMLLHKFFFA37CA,25.0250797,121.5530592
中正區,臺北市中正區汀州路二段129號,581222,RPPNMLTLLHKFFAA57CA,25.0250659,121.5195488
信義區,臺北市信義區信義路五段150巷401弄2號,780223,RPVNMLNLLHKFFDA97DA,25.024814,121.570536
中正區,臺北市中正區中華路二段467巷10弄19號,990714,RPROMLKMLHKFFAA07CA,25.0248056,121.5116906
大安區,臺北市大安區基隆路二段205號,980109,RPWOMLKMLHKFFFA08CA,25.0247653,121.5530694
大安區,臺北市大安區基隆路二段195號,980109,RPQPMLSJMHKFFFA18CA,25.0247253,121.5531553
大安區,臺北市大安區和平東路三段98號,930409,RPWOMLSJMHKFFFA68CA,25.0242896,121.5512219
信義區,臺北市信義區吳興街284巷10號,1030805,RPQOMLTJMHKFFDA97CA,25.024237,121.563518
中正區,臺北市中正區重慶南路三段117號,690806,RPRNMLKMLHKFFAA96CA,25.024161,121.517022
信義區,臺北市信義區吳興街284巷16號,1030805,RPRNMLKKMHKFFDA17CA,25.024003,121.563412
萬華區,臺北市萬華區國興路1巷7號,710702,RPUOMLLJMHKFFBA37CA,25.0239829,121.509318
萬華區,臺北市萬華區國興路1巷7號,710702,RPTOMLLMLHKFFBA47CA,25.0239829,121.509318
信義區,臺北市信義區信安街154號,720712,RPOOMLSKLHKFFDA77DA,25.0239283,121.5556929
大安區,臺北市大安區和平東路二段118巷6弄5號,730920,RPOPMLQKMHKFFFA87CA,25.0237321,121.5423039
萬華區,臺北市萬華區萬大路329巷16號,740807,RPUNMLOLLHKFFBA67CA,25.0236685,121.5009688
信義區,臺北市信義區吳興街494巷6號,780815,RPQNMLSKLHKFFDA77CA,25.0233178,121.5694255
信義區,臺北市信義區嘉興街324號,840216,RPWOMLKMLHKFFDA87CA,25.0233081,121.5542573
信義區,臺北市信義區吳興街284巷23號,1030805,RPUOMLTJMHKFFDA38CA,25.0232198,121.5634565
信義區,臺北市信義區吳興街284巷21號,1030805,RPPOMLTJMHKFFDA87CA,25.02319,121.5633941
信義區,臺北市信義區吳興街284巷29號,1030805,RPPNMLNKMHKFFDA27CA,25.0230841,121.5634557
萬華區,臺北市萬華區環河南路三段157號,710624,RPTOMLSKLHKFFBA97CA,25.023012,121.491664
大安區,臺北市大安區基隆路二段244號,1001130,RPSOMLSJMHKFFFA28CA,25.0228426,121.550452
大安區,臺北市大安區和平東路三段251號,730420,RPPOMLOLLHKFFFA67CA,25.0227404,121.5544793
中正區,臺北市中正區重慶南路三段161號,780720,RPWNMLPKMHKFFAA87CA,25.0225408,121.5169976
信義區,臺北市信義區吳興街284巷30弄82號,781226,RPROMLMLMHKFFDA57CA,25.0225021,121.5621415
大安區,臺北市大安區羅斯福路三段115號,871211,RPSNMLPLLHKFFFA97CA,25.0222127,121.5268295
中正區,臺北市中正區廈門街137號,990825,RPUNMLPLLHKFFAA67CA,25.0220964,121.5174848
信義區,臺北市信義區和平東路三段293號,720712,RPSOMLKMLHKFFDA47CA,25.0219389,121.5554799
信義區,臺北市信義區富陽街71巷1號,680925,RPVOMLSKLHKFFDA38CA,25.0218324,121.5566505
大安區,臺北市大安區辛亥路一段108號,791219,RPRNMLLMLHKFFFA57CA,25.0218049,121.5321486
中正區,臺北市中正區廈門街147巷14號,930514,RPRNMLRLLHKFFAA57CA,25.0217922,121.5188091
信義區,臺北市信義區信義路五段150巷502號,851209,RPQOMLRJMHKFFDA87DA,25.0214035,121.5732261
大安區,臺北市大安區新生南路三段45號,770106,RPXNMLLMLHKFFFA18CA,25.0213477,121.5341356
中正區,臺北市中正區羅斯福路三段58巷9號,1031001,RPWNMLMLMHKFFAA67CA,25.0213076,121.5271597
中正區,臺北市中正區師大路199號,1010824,RPRNMLLMLHKFFAA07CA,25.0209058,121.5254842
大安區,臺北市大安區溫州街68巷26號,720929,RPROMLKLMHKFFFA57CA,25.020252,121.5318025
信義區,臺北市信義區吳興街600巷76弄76號,740731,RPUNMLNLLHKFFDA77CA,25.018615,121.57004
信義區,臺北市信義區吳興街600巷76弄88號,870625,RPQNMLRLLHKFFDA77CA,25.0184429,121.569883
信義區,臺北市信義區吳興街600巷100弄27號,1030108,RPSOMLLMLHKFFDA57CA,25.017931,121.572034
大安區,臺北市大安區富陽街173號,940506,RPUOMLKLLHKFFFA77CA,25.0172394,121.5570313
大安區,臺北市大安區基隆路二段133號,941111,RPQNMLSKLHKFFFA08DA,25.0160708,121.543195
文山區,臺北市文山區辛亥路四段77巷50號,831101,RPSNMLSLLHKFFAA77CA,25.0075566,121.5601476
文山區,臺北市文山區福興路82巷1弄10號,720905,RPVNMLNKMHKFFAA57CA,25.006401,121.550605
文山區,臺北市文山區羅斯福路五段97號,970618,RPPOMLQLLHKFFAA37CA,25.0057708,121.5397487
文山區,臺北市文山區福興路95巷87號,890529,RPVNMLOLLHKFFAA67CA,25.0054384,121.5479097
文山區,臺北市文山區萬盛街156巷12號,710607,RPRPMLLMLHKFFAA27CA,25.0050039,121.5426455
文山區,臺北市文山區福興路106巷44號,1010827,RPPPMLTJMHKFFAA67CA,25.0033005,121.550717
文山區,臺北市文山區興隆路二段203巷172號,1030808,RPSOMLRKLHKFFAA67CA,25.0031176,121.5478478
文山區,臺北市文山區興隆路二段203巷176號,1030808,RPPQMLTKLHKFFAA77CA,25.0031176,121.5478478
文山區,臺北市文山區木柵路四段159巷12弄15號,1011129,RPOSNLOLLHKFFAA67DA,25.002988,121.578184
文山區,臺北市文山區興隆路二段203巷62號,860623,RPRPMLQKMHKFFAA67CA,25.0027314,121.5475112
文山區,臺北市文山區萬和街15號,860419,RPPOMLLMLHKFFAA96CA,25.0022272,121.5670705
文山區,臺北市文山區興隆路二段203巷42號,880329,RPUNMLRLMHKFFAA97CA,25.0021491,121.5482042
文山區,臺北市文山區興隆路二段203巷38號,880329,RPOOMLKMLHKFFAA76CA,25.0021195,121.5482859
文山區,臺北市文山區興隆路二段203巷111號,860623,RPQPMLKMLHKFFAA07CA,25.0019254,121.5487172
文山區,臺北市文山區興隆路二段301巷8號,990507,RPTOMLLMLHKFFAA47DA,25.001788,121.553911
文山區,臺北市文山區興隆路二段301巷3號,990507,RPSNMLQLLHKFFAA57CA,25.0016548,121.5534274
文山區,臺北市文山區景豐街74號,951123,RPWNMLRLLHKFFAA08CA,25.0015681,121.5449483
文山區,臺北市文山區興隆路二段234號,780508,RPPNMLNLLHKFFAA96CA,25.0010392,121.5535564
文山區,臺北市文山區興隆路二段203巷153號,1030808,RPROMLRKLHKFFAA57CA,25.000823,121.550478
文山區,臺北市文山區興隆路二段88號,1031121,RPTPMLNLMHKFFAA67CA,25.000474,121.5492
文山區,臺北市文山區興隆路二段80號,1031121,RPQPMLNLMHKFFAA37CA,24.999994,121.5481902
文山區,臺北市文山區興隆路二段78號,1031121,RPPOMLNLMHKFFAA17CA,24.9999508,121.5481347
文山區,臺北市文山區景福街54巷5弄2號,880119,RPPNMLPJMHKFFAA07CA,24.9998942,121.538082
文山區,臺北市文山區興隆路二段72號,1031121,RPUOMLNLMHKFFAA67CA,24.9997438,121.5479753
文山區,臺北市文山區萬安街44巷4號,720728,RPURNLOLLHKFFAA08CA,24.9996899,121.5702674
文山區,臺北市文山區興隆路二段68號,1031121,RPTOMLNLMHKFFAA57CA,24.9996565,121.5478938
文山區,臺北市文山區萬安街59號,720728,RPUNMLRJMHKFFAA77CA,24.99964,121.5710758
文山區,臺北市文山區興隆路二段62號,1031121,RPVOMLNLMHKFFAA77CA,24.9995318,121.5477307
文山區,臺北市文山區興隆路二段85號,1031121,RPOPMLNLMHKFFAA17CA,24.9993065,121.5467792
文山區,臺北市文山區興隆路二段75號,1031121,RPPPMLNLMHKFFAA27CA,24.9992291,121.546581
文山區,臺北市文山區興隆路二段67號,1031121,RPXOMLNLMHKFFAA97CA,24.9991678,121.5462097
文山區,臺北市文山區興隆路二段69號,1031121,RPRPMLNLMHKFFAA47CA,24.999164,121.5463695
文山區,臺北市文山區木柵路四段146號,1000214,RPPNMLLMLHKFFAA86CA,24.9983741,121.5747319
文山區,臺北市文山區木柵路四段135號,1000214,RPQOMLRKMHKFFAA57CA,24.998241,121.5731452
文山區,臺北市文山區興隆路三段112巷4弄51號,690201,RPQNMLLLLHKFFAA86CA,24.9981209,121.5568367
文山區,臺北市文山區羅斯福路六段129號,1030108,RPQNMLRLLHKFFAA47CA,24.9980822,121.5407748
文山區,臺北市文山區景華街192巷12號,620309,RPPOMLKMLHKFFAA86CA,24.9980272,121.5480893
文山區,臺北市文山區三福街64號,1030127,RPVNMLKKMHKFFAA27CA,24.9979603,121.5427535
文山區,臺北市文山區羅斯福路六段159巷5弄8號,800710,RPVNMLSKLHKFFAA97CA,24.9977407,121.5415136
文山區,臺北市文山區辛亥路五段73巷7弄8號,721223,RPVNMLRLLHKFFAA97CA,24.9975299,121.553327
文山區,臺北市文山區興隆路二段96巷119號,721231,RPXOMLKMLHKFFAA67CA,24.9975154,121.5510801
文山區,臺北市文山區萬芳路107巷1號,1010919,RPPOMLNLLHKFFAA07CA,24.9968862,121.5621656
文山區,臺北市文山區萬芳路107巷6號,1010919,RPQNMLQLLHKFFAA37CA,24.9968862,121.5621656
文山區,臺北市文山區萬芳路107巷24號,1010919,RPQNMLLJMHKFFAA76CA,24.9968862,121.5621656
文山區,臺北市文山區仙岩路16巷71號,870327,RPWWMLOLLHKFFAA68CA,24.9968451,121.5508329
文山區,臺北市文山區萬芳路51號,960921,RPUOMLTJMHKFFAA08CA,24.9968118,121.5707604
文山區,臺北市文山區景興路85巷11號,681107,RPVOMLLMLHKFFAA57CA,24.9961461,121.545555
文山區,臺北市文山區景華街111號,690212,RPSOMLLMLHKFFAA27CA,24.9958739,121.546874
文山區,臺北市文山區萬芳路11號,940128,RPQNMLOKMHKFFAA17CA,24.994879,121.570977
文山區,臺北市文山區景華街82巷7弄28號,730521,RPQNMLSKLHKFFAA47CA,24.9947601,121.546093
文山區,臺北市文山區興隆路三段207巷12弄13號,730830,RPQPMLLMLHKFFAA17CA,24.994384,121.561355
文山區,臺北市文山區興隆路三段207巷16弄18號,730830,RPUOMLPLLHKFFAA77CA,24.994143,121.56194
文山區,臺北市文山區木柵路四段21巷12號,841127,RPWPMLNLLHKFFAA87CA,24.993013,121.57123
文山區,臺北市文山區景興路183號,831210,RPVPMLLMLHKFFAA67CA,24.9927392,121.5444176
文山區,臺北市文山區景興路177巷27號,1010605,RPXNMLKLLHKFFAA47CA,24.9927179,121.5454743
文山區,臺北市文山區景興路193號,831210,RPQNMLKLLHKFFAA86DA,24.992458,121.5442917
文山區,臺北市文山區新光路一段149號,720902,RPXOMLRJMHKFFAA18CA,24.99228,121.573877
文山區,臺北市文山區景興路198號,850104,RPQQMLTKLHKFFAA87CA,24.9919822,121.5436491
文山區,臺北市文山區木柵路二段109巷100弄89號,850925,RPXNMLPLLHKFFAA97CA,24.9915599,121.563952
文山區,臺北市文山區羅斯福路六段274號,990930,RPQOMLTKLHKFFAA67CA,24.991463,121.539908
文山區,臺北市文山區景興路226號,890516,RPPPMLKMLHKFFAA96CA,24.9909423,121.5433636
文山區,臺北市文山區木柵路二段109巷100弄49號,850925,RPUNMLKMLHKFFAA27CA,24.9909359,121.563473
文山區,臺北市文山區秀明路二段104號,710226,RPPPMLLJMHKFFAA86CA,24.990837,121.576547
文山區,臺北市文山區久康街172號,1021217,RPTOMLKLLHKFFAA17CA,24.9906733,121.5685494
文山區,臺北市文山區辛亥路六段21巷18號,880809,RPQPMLTKLHKFFAA77CA,24.990431,121.552471
文山區,臺北市文山區政大二街206巷16號,850607,RPRQMLSJMHKFFAA87CA,24.9889899,121.5857856
文山區,臺北市文山區木柵路二段54號,861104,RPUNMLKKMHKFFAA17CA,24.9887571,121.559876
文山區,臺北市文山區木柵路二段28號,580825,RPRPMLLJMHKFFAA07CA,24.9887571,121.559876
文山區,臺北市文山區木柵路三段48巷1弄3號,850830,RPOOMLNKMHKFFAA96CA,24.987758,121.565326
文山區,臺北市文山區興隆路四段109巷32弄15號,881117,RPUPMLLJMHKFFAA37CA,24.9862828,121.563224
文山區,臺北市文山區政大三街28號,851217,RPOPMLSKLHKFFAA47CA,24.9860058,121.5829106
文山區,臺北市文山區政大三街17號,851217,RPWOMLRJMHKFFAA18DA,24.9860058,121.5829106
文山區,臺北市文山區政大一街250號,1031113,RPOOMLNLLHKFFAA96CA,24.9858929,121.5844371
文山區,臺北市文山區政大一街291號,1031113,RPVNMLNLLHKFFAA57CA,24.9856792,121.5840285
文山區,臺北市文山區政大一街255號,1031113,SPOOMLNLLHKFFAA07CA,24.9856792,121.5840285
文山區,臺北市文山區和興路87號,950906,RPROMLLJMHKFFAA96CA,24.985413,121.549276
文山區,臺北市文山區指南路三段32巷1號,990729,RPVOMLKMLHKFFAA47CA,24.9853288,121.5799444
文山區,臺北市文山區指南路三段27號,1001101,RPWOMLTKLHKFFAA38DA,24.984762,121.580312
文山區,臺北市文山區木新路二段79巷12弄16號,740625,RPQOMLPLLHKFFAA37CA,24.984293,121.570813
文山區,臺北市文山區指南路三段49號,721224,RPTPMLSKLHKFFAA97CA,24.984037,121.579766
文山區,臺北市文山區和興路44巷14弄17號,690531,RPUOMLLJMHKFFAA37DA,24.9839038,121.5466096
文山區,臺北市文山區指南路三段62號,1030513,RPQRMLOLLHKFFAA57CA,24.9832393,121.5800167
文山區,臺北市文山區中崙路25巷6號,990812,RPQNMLKMLHKFFAA86CA,24.9830869,121.565054
文山區,臺北市文山區興隆路四段74巷21弄17號,810805,RPQNMLLMLHKFFAA96CA,24.9827266,121.5610142
文山區,臺北市文山區木新路三段232巷5號,670727,RPQNMLQJMHKFFAA27CA,24.9818501,121.5589233
文山區,臺北市文山區萬壽路86號,961023,RPWNMLOLLHKFFAA77CA,24.9811315,121.5853638
文山區,臺北市文山區萬壽路76號,961023,RPTNMLLMLHKFFAA27CA,24.980584,121.585511
文山區,臺北市文山區指南路三段32巷11號,990806,RPQOMLQLLHKFFAA47CA,24.9762654,121.5877037
大安區,臺北市大安區安和路二段209號,800105,RPVNMLRLLHKFFFA48CA,24.9753062,121.517697
中山區,臺北市中山區南京東路二段154號,690503,RPUOMLTKLHKFFCA48CC,25.141511,121.507175
中山區,臺北市中山區德惠街167巷12號,661216,RPQQMLNLLHKFFCA77CC,25.1302727,121.5302432
中山區,臺北市中山區復興北路165號,690822,RPXOMLQKLHKFFCA48CC,25.129552,121.529969
中山區,臺北市中山區松江路119號,710703,RPWOMLKMLHKFFCA97CC,25.1258703,121.4699472
中山區,臺北市中山區建國北路二段258巷24號,700520,RPQQMLLMLHKFFCA67CC,25.12019,121.524033
中山區,臺北市中山區復興北路171號,690822,RPWOMLQKLHKFFCA38CC,25.119035,121.522424
中山區,臺北市中山區民族東路426號,661110,RPXOMLNLLHKFFCA28CC,25.1178128,121.5043178
中山區,臺北市中山區復興北路78號,700320,RPXNMLKMLHKFFCA08DC,25.1150234,121.516767
中山區,臺北市中山區復興北路163號,690822,RPUOMLQKLHKFFCA18CC,25.1150234,121.516767
中山區,臺北市中山區復興北路159號,690822,RPPPMLQKLHKFFCA77CC,25.1117913,121.5240231
中山區,臺北市中山區北安路573巷2弄1號,620511,RPTUMLPLLHKFFCA68CC,25.1095299,121.518374
中山區,臺北市中山區雙成街10巷21號,720125,RPSNMLQLLHKFFCA97CC,25.1069177,121.5189262
中山區,臺北市中山區明水路397巷7弄27號,840913,RPROMLKMLHKFFCA47CC,25.0872088,121.5877629
大同區,臺北市大同區承德路三段226號,1020419,RPTOMLKMLHKFFBA57CC,25.0853391,121.5518906
中山區,臺北市中山區新生北路二段54號,850718,RPUQMLLMLHKFFCA08CC,25.0851118,121.5957354
大同區,臺北市大同區延平北路二段144巷4號,831215,RPVOMLSKLHKFFBA48DC,25.0837377,121.5508797
中山區,臺北市中山區雙城街3巷19號,841201,RPOOMLNLLHKFFCA37CC,25.0830868,121.5894002
大安區,臺北市大安區安和路一段102巷13號,790514,RPVNMLSKLHKFFFA68CC,25.083083,121.547127
中山區,臺北市中山區壹北市中山區中山北路三段51號,780721,RPTPMLKMLHKFFCA77CC,25.0826553,121.5953109
士林區,臺北市士林區天玉街38巷16號,740126,RPUOMLTKLHKFFEA68CC,25.0826403,121.5589314
中山區,臺北市中山區中山北路二段27巷4號,870505,RPQOMLOLLHKFFCA67CC,25.082616,121.5970597
中山區,臺北市中山區建國北路一段124巷1號,850727,RPPPMLRKLHKFFCA87CC,25.0817734,121.5916123
大安區,臺北市大安區信義路四段228號,700123,RPVNMLKLLHKFFFA97CC,25.0811668,121.5476638
中山區,臺北市中山區新生北路三段56巷29號,981021,RPXNMLKLLHKFFCA87CC,25.080829,121.5650216
中山區,臺北市中山區中山北路二段77巷6號,981027,RPSQMLTKLHKFFCA48CC,25.0804571,121.5652698
中山區,臺北市中山區中山北路一段83號,980327,RPWQMLQKLHKFFCA58CC,25.0799209,121.5769476
中山區,臺北市中山區明水路708號,970319,RPWPMLQLLHKFFCA58CC,25.0797587,121.5675191
中山區,臺北市中山區敬業三路161巷3號,950124,RPOOMLKMLHKFFCA27DC,25.0796672,121.5819442
大同區,臺北市大同區市民大道ㄧ段196號,980724,RPXNMLKMLHKFFBA87CC,25.079423,121.5556369
中山區,臺北市中山區中山北路二段93巷23號,940803,RPWOMLOLLHKFFCA28CC,25.0793413,121.5716702
大同區,臺北市大同區寧夏路25號,551114,RPUOMLLMLHKFFBA77CC,25.0783846,121.5462903
大安區,臺北市大安區杭州南路65巷1號,960313,RPPNMLTLLHKFFFA28CC,25.0780384,121.5490277
中山區,臺北市中山區林森北路363號,980916,RPQOMLKMLHKFFCA37CC,25.0772136,121.590119
中山區,臺北市中山區松江路57號,860521,RPVNMLSLLHKFFCA48CC,25.0746969,121.578069
中山區,臺北市中山區雙城街13巷11號,941207,RPSOMLKMLHKFFCA57CC,25.0732033,121.5760197
中山區,臺北市中山區北安路458巷47弄26號,921209,RPPOMLSLLHKFFCA97CC,25.0727144,121.6051622
中山區,臺北市中山區明水路672巷6號,941201,RPOQMLTKLHKFFCA08CC,25.0708426,121.5757006
中山區,臺北市中山區松江路7號,851212,RPPQMLNLLHKFFCA67CC,25.0698788,121.6134383
中山區,臺北市中山區長安東路二段165號,900326,RPTOMLKMLHKFFCA67CC,25.0692591,121.5840123
中山區,臺北市中山區中山北路二段77巷20號,901112,RPSNMLSLLHKFFCA18CC,25.0692332,121.5838915
大安區,臺北市大安區信義路四段234號,700123,RPUNMLKLLHKFFFA87CC,25.067994,121.539034
大安區,臺北市大安區基隆路二段135號,700716,RPQNMLKLLHKFFFA47CC,25.0670562,121.5316377
中山區,臺北市中山區撫順街3號,931203,RPSPMLKMLHKFFCA67CC,25.0668262,121.600419
士林區,臺北市士林區中正路705號,930518,RPUQMLLMLHKFFEA28CC,25.0659419,121.5256701
中山區,臺北市中山區農安街29號,980622,RPXNMLSLLHKFFCA68CC,25.0657693,121.5758505
士林區,臺北市士林區天母北路13號,720302,RPROMLPLLHKFFEA08CC,25.0654128,121.5256762
大安區,臺北市大安區復興南路二段18號,840907,RPQOMLTKLHKFFFA38CC,25.0652206,121.5412748
士林區,臺北市士林區天母北路35號,910425,RPWNMLQLLHKFFEA58CC,25.0650644,121.5255644
士林區,臺北市士林區天玉街75巷4號,671229,RPROMLRKLHKFFEA18CC,25.0650066,121.5242058
士林區,臺北市士林區中山北路七段14巷58號,660901,RPUOMLLMLHKFFEA08CC,25.0650058,121.5248049
大安區,臺北市大安區敦化南路二段201號,781014,RPQNMLRKLHKFFFA08CC,25.0649386,121.5229058
士林區,臺北市士林區天母東路8巷55號,701214,RPRNMLLMLHKFFEA67CC,25.0647867,121.5258998
大安區,臺北市大安區復興南路二段70號,750801,RPVOMLNLLHKFFFA38CC,25.0641586,121.5237301
大同區,臺北市大同區敦煌路80巷10號,970516,RPUOMLSKLHKFFBA28CC,25.0641318,121.5251746
大同區,臺北市大同區民生西路61號,751002,RPPOMLOLLHKFFBA47CC,25.0638806,121.5219757
士林區,臺北市士林區福華路177號,931231,RPUOMLSKLHKFFEA58CC,25.0633473,121.5219156
大安區,臺北市大安區永康街4巷7號,960911,RPQOMLKMLHKFFFA67CC,25.0633067,121.5256465
大安區,臺北市大安區和平東路一段119巷1號,920919,實際租金43000元,25.061714,121.543977
大安區,臺北市大安區和平東路一段162號,730320,RPOOMLTKLHKFFFA18CC,25.061674,121.5353868
中山區,臺北市中山區新生北路二段39號,980916,RPQQMLKLLHKFFCA47CC,25.0611262,121.5833579
士林區,臺北市士林區忠誠路一段41號,740118,RPWOMLTKLHKFFEA88CC,25.0608985,121.5254211
大同區,臺北市大同區重慶北路二段97號,790725,RPSNMLQLLHKFFBA87CC,25.0594016,121.525004
大同區,臺北市大同區重慶北路一段83巷58號,830205,RPSNMLKLLHKFFBA27CC,25.0593147,121.5247487
中山區,臺北市中山區農安街26號,980622,RPSOMLNLLHKFFCA77CC,25.0592533,121.5772716
中山區,臺北市中山區農安街21號,980622,RPUNMLSLLHKFFCA38CC,25.0592533,121.5772716
中山區,臺北市中山區八德路二段69號,950323,RPROMLQLLHKFFCA97CC,25.0592533,121.5772716
內湖區,臺北市內湖區新湖一路107號,1010626,RPWNMLQLLHKFFCA38CC,25.0592306,121.6106637
內湖區,臺北市內湖區成功路三段76巷45號,1020607,RPQVMLPLLHKFFCA48CC,25.0590923,121.6119953
大安區,臺北市大安區忠孝東路三段10巷15號,780524,RPSNMLSKLHKFFFA38CC,25.0590233,121.5291957
內湖區,臺北市內湖區內湖區新湖一路99號,1010626,RPQNMLKLLHKFFCA17CC,25.0589663,121.6107301
中山區,臺北市中山區中山北路二段93巷29號,940803,RPRQMLQKLHKFFCA08CC,25.0589186,121.5801723
內湖區,臺北市內湖區行善路290號,1021227,RPSNMLOLLHKFFCA77CC,25.058697,121.6167806
內湖區,臺北市內湖區新明路298巷3號,990430,RPWOMLTKLHKFFCA78DC,25.0579576,121.6056339
中山區,臺北市中山區吉林路144巷24號,620427,RPVQMLLMLHKFFCA18CC,25.0578042,121.5640294
內湖區,臺北市內湖區內湖路一段696號,1001028,RPWPMLQKLHKFFCA48CC,25.0577977,121.5959213
內湖區,臺北市內湖區瑞光路599號,1000909,RPRPMLKLLHKFFCA47CC,25.0576584,121.5973265
中山區,臺北市中山區松江路150巷26號,580905,RPTQMLQLLHKFFCA38CC,25.0576027,121.5473424
士林區,臺北市士林區士東路91巷5號,730120,RPQNMLPLLHKFFEA97DC,25.057438,121.5235059
大安區,臺北市大安區信義路三段152巷19號,1020116,RPOOMLQLLHKFFFA97CC,25.0573375,121.5247653
士林區,臺北市士林區天母東路8巷32號,701214,RPWNMLKMLHKFFEA08CC,25.0572381,121.525518
大安區,臺北市大安區信義路三段163號,970903,RPTNMLSKLHKFFFA48CC,25.057204,121.527043
士林區,臺北市士林區忠誠路二段55號,761116,RPRPMLKMLHKFFEA77CC,25.0566486,121.5254933
士林區,臺北市士林區基河路3號,931231,RPSNMLSKLHKFFEA28CC,25.0566484,121.5255301
內湖區,臺北市內湖區民權東路六段21巷12號,1010420,RPXQMLQKLHKFFCA68CC,25.0565845,121.594027
中山區,臺北市中山區中山北路一段83巷44號,970314,RPXOMLKMLHKFFCA08CC,25.0563315,121.5749049
中山區,臺北市中山區中山北路一段83巷42號,970314,RPSPMLTKLHKFFCA38CC,25.0562835,121.5819731
中山區,臺北市中山區中山北路一段83巷50號,970314,RPOOMLRLLHKFFCA77CC,25.0562835,121.5819731
士林區,臺北市士林區忠誠路二段40巷19號,760324,RPQNMLSKLHKFFEA08CC,25.05613,121.52561
士林區,臺北市士林區天母東路44號,751017,RPXOMLNLLHKFFEA48CC,25.056048,121.525613
大安區,臺北市大安區復興南路一段219巷12號,650129,RPVNMLQKLHKFFFA58DC,25.0559332,121.5292128
內湖區,臺北市內湖區行善路168巷26號,980805,RPVOMLQKLHKFFCA28CC,25.055807,121.6137824
大安區,臺北市大安區信義路4四段265巷54號,910305,RPTOMLKMLHKFFFA97CC,25.0554185,121.5270595
士林區,臺北市士林區天母西路7號,710210,RPTNMLLMLHKFFEA87CC,25.0552958,121.52783
士林區,臺北市士林區天母東路52號,751017,RPSNMLSLLHKFFEA38CC,25.0550754,121.5236103
內湖區,臺北市內湖區新湖一路140號,980623,RPPQMLQLLHKFFCA97CC,25.0542976,121.6167961
大安區,臺北市大安區仁愛路四段324號,701223,RPTNMLLMLHKFFFA97CC,25.0541579,121.544483
大安區,臺北市大安區安和路二段74巷3號,701221,RPSNMLSLLHKFFFA48CC,25.0540029,121.54448
中山區,臺北市中山區臺北市中山區林森北路345號,1021101,RPTQMLTKLHKFFCA58CC,25.0539696,121.53072
大安區,臺北市大安區敦化南路一段241號,710610,RPUNMLLMLHKFFFA08CC,25.0539519,121.544479
大安區,臺北市大安區復興南路二段111巷27號,701126,RPXNMLNLLHKFFFA48CC,25.0538489,121.544476
中山區,臺北市中山區民權西路9巷9號,1011112,RPTQMLRLLHKFFCA48CC,25.0535002,121.5238464
大安區,臺北市大安區永康街82號,1000427,RPTNMLSLLHKFFFA58CC,25.0531544,121.5235283
大安區,臺北市大安區復興南路二段64號,750801,RPUOMLKMLHKFFFA08CC,25.0526204,121.5332651
士林區,臺北市士林區忠誠路二段242號,780524,RPSOMLTKLHKFFEA48CC,25.0517765,121.53209
大安區,臺北市大安區安和路二段21號,700910,,25.0517461,121.5340625
大安區,臺北市大安區復興南路一段107巷7號,730216,RPPOMLLMLHKFFFA67CC,25.0510612,121.5438887
大安區,臺北市大安區忠孝東路四段26巷78號,990212,RPWOMLNLLHKFFFA48CC,25.0508949,121.5356076
中山區,臺北市中山區長安東路一段67號,1030609,RPVNMLNLLHKFFCA97CC,25.0504124,121.5427096
士林區,臺北市士林區福華路171號,931231,RPSPMLKMLHKFFEA87CC,25.0503735,121.5264086
士林區,臺北市士林區天母西路82號,660609,RPQOMLQKLHKFFEA97CC,25.0502426,121.5230279
大同區,臺北市大同區市民大道一段205號,980724,RPROMLTKLHKFFBA08CC,25.0498419,121.5246849
大同區,臺北市大同區市民大道一段199號,980724,RPUNMLRLLHKFFBA18CC,25.0498419,121.5246849
大同區,臺北市大同區市民大道一段193號,980724,RPVNMLKMLHKFFBA67CC,25.0498419,121.5246849
大安區,臺北市大安區和平東路三段82號,930219,RPROMLTKLHKFFFA58DC,25.0496699,121.5275161
中山區,臺北市中山區南京東路一段13巷7弄21號,570425,RPWNMLKMLHKFFCA87CC,25.0485147,121.5559694
士林區,臺北市士林區劍潭路84號,960122,RPUNMLOLLHKFFEA18CC,25.0484993,121.527761
大安區,臺北市大安區信義路三段147號,1011025,RPPNMLRKLHKFFFA97CC,25.0483503,121.5404215
大安區,臺北市大安區麗水街16號,1000322,RPXNMLQLLHKFFFA78CC,25.0482911,121.5331457
大安區,臺北市大安區仁愛路四段222巷4號,940202,RPUNMLSKLHKFFFA58CC,25.048133,121.5327828
中山區,臺北市中山區遼寧街101巷2弄3號,611227,RPTNMLQLLHKFFCA08CC,25.0480721,121.556259
士林區,臺北市士林區忠誠路二段10巷53號,810331,RPSNMLTKLHKFFEA38CC,25.0480249,121.525593
士林區,臺北市士林區德行西路58號,821230,RPXOMLKMLHKFFEA28CC,25.0475068,121.5278644
中正區,臺北市中正區重慶南路三段75號,1020304,RPPNMLSLLHKFFAA67CC,25.0468849,121.5617768
內湖區,臺北市內湖區瑞光路626號,1040119,RPWQMLRLLHKFFCA78CC,25.046861,121.615644
大安區,臺北市大安區仁愛路四段222巷27號,940202,RPTNMLOLLHKFFFA18CC,25.0462889,121.531497
內湖區,臺北市內湖區新明街298巷8號,990430,RPRPMLRKLHKFFCA08CC,25.046264,121.5826871
大安區,臺北市大安區和平東路二段96巷15弄40號,1000321,RPVNMLTKLHKFFFA78CC,25.0461993,121.5331813
中正區,臺北市中正區重慶南路三段83號,1020304,RPRNMLSLLHKFFAA87CC,25.046153,121.5460008
內湖區,臺北市內湖區瑞湖街53號,970529,RPTOMLSKLHKFFCA28CC,25.045498,121.50722
大同區,臺北市大同區市民大道一段188號,980724,RPWNMLKMLHKFFBA77CC,25.0454604,121.5351101
中山區,臺北市中山區林森北路326號,990409,RPPNMLSKLHKFFCA77CC,25.04529,121.513368
內湖區,臺北市內湖區瑞光路618號,1040119,RPVQMLRLLHKFFCA68CC,25.0441928,121.5636788
中正區,臺北市中正區金門街24巷18號,1020207,RPTNMLSLLHKFFAA08CC,25.0434788,121.5682121
中山區,臺北市中山區南京東路二段108號,990917,RPTNMLSLLHKFFCA28CC,25.0413376,121.5276597
中正區,臺北市中正區重慶南路一段39號,910723,RPSOMLKMLHKFFBA47CC,25.0411025,121.5698583
內湖區,臺北市內湖區瑞湖街178巷17號,970312,RPVPMLOLLHKFFCA28CC,25.0409952,121.5023018
中正區,臺北市中正區愛國東路63號,761111,RPSNMLSKLHKFFAA87CC,25.04072,121.573744
內湖區,臺北市內湖區內湖路二段253巷59號,971008,RPVPMLNLLHKFFCA18CC,25.0407048,121.5022427
中正區,臺北市中正區濟南路二段15號,960129,RPROMLOLLHKFFBA67CC,25.040672,121.576326
士林區,臺北市士林區德行東路241號,960528,RPWQMLOLLHKFFEA68CC,25.0389591,121.5445575
士林區,臺北市士林區中山北路五段829巷38號,1030411,RPPPMLNLLHKFFEA77CC,25.03757,121.5528305
中正區,臺北市中正區羅斯福路三段119號,650619,RPQNMLSLLHKFFAA77CC,25.0365789,121.5745349
中山區,臺北市中山區林森北路321號,990409,RPRRMLKLLHKFFCA67CC,25.0338054,121.519212
士林區,臺北市士林區中山北路六段195巷6號,970506,RPTNMLPLLHKFFEA18CC,25.0330696,121.5522591
士林區,臺北市士林區士東路266巷15弄12號,971229,RPSNMLPLLHKFFEA08CC,25.0330619,121.5529635
中山區,臺北市中山區復興北路402號,751125,RPXOMLRKLHKFFCA58CC,25.0329636,121.5654268
士林區,臺北市士林區中山北路七段81巷28弄10號,1000623,RPPNMLRKLHKFFEA87CC,25.0322507,121.5526573
中正區,臺北市中正區三元街212巷6號,970828,RPOOMLQLLHKFFAA47CC,25.0321407,121.5729309
中正區,臺北市中正區南昌路二段87號,711111,RPPNMLSKLHKFFAA57CC,25.0319322,121.5663559
士林區,臺北市士林區通河街21號,1011112,RPSOMLSKLHKFFEA38CC,25.0300803,121.5515801
士林區,臺北市士林區芝玉路一段17巷15號,1000720,RPRNMLSLLHKFFEA28CC,25.0292093,121.5441666
中山區,臺北市中山區林森北路462號,981106,RPXQMLTKLHKFFCA98CC,25.0285597,121.5133812
中山區,臺北市中山區長春路9號,990212,RPOPMLRKLHKFFCA77CC,25.0272289,121.5184895
中山區,臺北市中山區林森北路315號,990409,RPOOMLSLLHKFFCA87CC,25.0271644,121.5208966
中山區,臺北市中山區長安東路一段30巷8弄24號,1000222,RPUOMLSKLHKFFCA38CC,25.026911,121.5122622
中正區,臺北市中正區水源路72號,990607,RPQOMLNLLHKFFAA37CC,25.026318,121.553924
中山區,臺北市中山區林森北路119巷34號,1001208,RPQNMLOLLHKFFCA57CC,25.0258466,121.5165521
中山區,臺北市中山區林森北路597號,1000726,RPVPMLKLLHKFFCA87CC,25.0254337,121.5166605
中正區,臺北市中正區牯嶺街66號,661018,RPQNMLQKLHKFFAA47CC,25.024123,121.571569
中山區,臺北市中山區林森北路576號,1000726,RPROMLNLLHKFFCA67CC,25.0224199,121.5218563
中山區,臺北市中山區樂群三路287號,981126,RPRQMLTKLHKFFCA38CC,25.0221378,121.5268679
中正區,臺北市中正區和平西路二段23號,640611,RPUNMLQLLHKFFAA97CC,25.01863,121.569655
士林區,臺北市士林區磺溪街64號,990730,RPQNMLSLLHKFFEA18CC,25.0160274,121.5431429
中山區,臺北市中山區長安東路一段52巷29號,1000322,RPVQMLKLLHKFFCA97CC,25.0146583,121.526546
中山區,臺北市中山區新生北路二段58巷7號,740320,RPVOMLRLLHKFFCA48CC,25.006003,121.549846
中山區,臺北市中山區林森北路107巷78號,751127,RPRPMLQLLHKFFCA08CC,25.0038008,121.5387699
中山區,臺北市中山區龍江路387巷1號,731214,RPUOMLOLLHKFFCA08CC,25.0013529,121.552299
中山區,臺北市中山區新生北路一段40號,770613,RPXNMLQKLHKFFCA38CC,25.0010094,121.5354375
中山區,臺北市中山區農安街4號,730227,RPUPMLNLLHKFFCA08CC,25.0001768,121.5564146
中山區,臺北市中山區吉林路218巷27號,721015,RPVNMLQLLHKFFCA28CC,24.9944149,121.5439706
中山區,臺北市內湖區北安路621巷39號,730608,RPVNMLLMLHKFFCA87CC,24.991007,121.54112
中山區,臺北市中山區松江路46號,780406,RPUNMLLMLHKFFCA77CC,24.986918,121.568459